,fold,model,mcc,auc,type
0,0,LR,0.1824584653,0.718230897,DEFAULT
3,1,LR,0.0979869536,0.7462624585,DEFAULT
6,2,LR,0.1333383746,0.7469247832,DEFAULT
9,3,LR,0.1479931659,0.7829991646,DEFAULT
12,4,LR,0.1550841749,0.6562238931,DEFAULT
0,0,KNN,0.2680719311,0.6623754153,DEFAULT
3,1,KNN,0.1870446633,0.6554194352,DEFAULT
6,2,KNN,0.2183014781,0.7091147409,DEFAULT
9,3,KNN,0.2114741465,0.6860902256,DEFAULT
12,4,KNN,0.1550841749,0.5479323308,DEFAULT
0,0,DT,0.2759277429,0.7878945183,DEFAULT
3,1,DT,0,0.648255814,DEFAULT
6,2,DT,0.099403342,0.6453922162,DEFAULT
9,3,DT,0.3024197539,0.7160609858,DEFAULT
12,4,DT,0.2127712904,0.6591478697,DEFAULT
0,0,SVMR,-0.0286014634,0.7333887043,DEFAULT
3,1,SVMR,0,0.6281146179,DEFAULT
6,2,SVMR,0,0.6180681589,DEFAULT
9,3,SVMR,0,0.7226399332,DEFAULT
12,4,SVMR,0,0.6370091896,DEFAULT
0,0,SVML,0,0.7093023256,DEFAULT
3,1,SVML,0,0.7134551495,DEFAULT
6,2,SVML,0,0.6717080056,DEFAULT
9,3,SVML,0,0.7134502924,DEFAULT
12,4,SVML,0,0.682748538,DEFAULT
0,0,RF,0.11521166,0.6862541528,DEFAULT
3,1,RF,0.2186933668,0.6967400332,DEFAULT
6,2,RF,0.0753414439,0.6902601331,DEFAULT
9,3,RF,0.3024197539,0.6623851295,DEFAULT
12,4,RF,0.0796296238,0.7807017544,DEFAULT
0,0,XG,0.1438374649,0.6268687708,DEFAULT
3,1,XG,-0.0658627013,0.4908637874,DEFAULT
6,2,XG,0.1846093838,0.744303287,DEFAULT
9,3,XG,0.1147240347,0.657059315,DEFAULT
12,4,XG,0.2127712904,0.6954887218,DEFAULT
0,0,LR,0.2684519085,0.7647425249,ADASYN_over
3,1,LR,0.2864644354,0.7443936877,ADASYN_over
6,2,LR,0.2446697743,0.7231296632,ADASYN_over
9,3,LR,0.2718122712,0.7474937343,ADASYN_over
12,4,LR,0.3123429155,0.742481203,ADASYN_over
0,0,KNN,0.2021840803,0.6330980066,ADASYN_over
3,1,KNN,0.2091668218,0.6690199336,ADASYN_over
6,2,KNN,0.0609210622,0.5905424481,ADASYN_over
9,3,KNN,0.1398223024,0.6242690058,ADASYN_over
12,4,KNN,0.1371901214,0.6468253968,ADASYN_over
0,0,DT,0.2148404473,0.6308139535,ADASYN_over
3,1,DT,0.1815161225,0.6469061462,ADASYN_over
6,2,DT,0.1952242882,0.6444847752,ADASYN_over
9,3,DT,0.2405718428,0.6236424394,ADASYN_over
12,4,DT,0.0407599892,0.5694444444,ADASYN_over
0,0,SVMR,0.3297422985,0.7641196013,ADASYN_over
3,1,SVMR,0.3383639476,0.7574750831,ADASYN_over
6,2,SVMR,0.4121401639,0.816091954,ADASYN_over
9,3,SVMR,0.1377213643,0.6123642439,ADASYN_over
12,4,SVMR,0.2198438044,0.6939223058,ADASYN_over
0,0,SVML,0.3018688822,0.7552948505,ADASYN_over
3,1,SVML,0.3393559559,0.7973421927,ADASYN_over
6,2,SVML,0.352541927,0.771728171,ADASYN_over
9,3,SVML,0.2582619346,0.73893066,ADASYN_over
12,4,SVML,0.2719454246,0.6835839599,ADASYN_over
0,0,RF,0.1614084197,0.5989410299,ADASYN_over
3,1,RF,0.2744167277,0.741486711,ADASYN_over
6,2,RF,0.2630629525,0.6527525711,ADASYN_over
9,3,RF,0.1618838257,0.6548663325,ADASYN_over
12,4,RF,0.3262668864,0.7787176274,ADASYN_over
0,0,XG,0.0936127056,0.6090116279,ADASYN_over
3,1,XG,0.2159807659,0.7007890365,ADASYN_over
6,2,XG,0.3185157452,0.7297842307,ADASYN_over
9,3,XG,0.2390578731,0.6871345029,ADASYN_over
12,4,XG,0.2103174603,0.6370091896,ADASYN_over
0,0,LR,0.2684519085,0.6816860465,ADASYN_both
3,1,LR,0.3603874935,0.7811461794,ADASYN_both
6,2,LR,0.3395246288,0.7729380924,ADASYN_both
9,3,LR,0.2674694804,0.7147034252,ADASYN_both
12,4,LR,0.3252522901,0.7702589808,ADASYN_both
0,0,KNN,0.2138090263,0.6478405316,ADASYN_both
3,1,KNN,0.1041763561,0.6060008306,ADASYN_both
6,2,KNN,0.1230882269,0.6360153257,ADASYN_both
9,3,KNN,0.1303120504,0.6050543024,ADASYN_both
12,4,KNN,0.1191558746,0.5864661654,ADASYN_both
0,0,DT,0.2174703105,0.6643480066,ADASYN_both
3,1,DT,0.1969103059,0.6258305648,ADASYN_both
6,2,DT,0.0054376163,0.5373059084,ADASYN_both
9,3,DT,0.0398291022,0.5567042607,ADASYN_both
12,4,DT,0.1045811778,0.5917919799,ADASYN_both
0,0,SVMR,0.3780930669,0.7723214286,ADASYN_both
3,1,SVMR,0.3780930669,0.8093853821,ADASYN_both
6,2,SVMR,0.2492205783,0.7313974592,ADASYN_both
9,3,SVMR,0.2119644629,0.6800334169,ADASYN_both
12,4,SVMR,0.2569358951,0.7241019215,ADASYN_both
0,0,SVML,0.4326129117,0.8455149502,ADASYN_both
3,1,SVML,0.2392205335,0.7294435216,ADASYN_both
6,2,SVML,0.2375289497,0.7060899375,ADASYN_both
9,3,SVML,0.2638355296,0.703320802,ADASYN_both
12,4,SVML,0.4105223134,0.7341269841,ADASYN_both
0,0,RF,0.2430950678,0.6969476744,ADASYN_both
3,1,RF,0.1903804162,0.6736918605,ADASYN_both
6,2,RF,0.2463544589,0.7279693487,ADASYN_both
9,3,RF,0.2735091293,0.7687969925,ADASYN_both
12,4,RF,0.1409326154,0.5665204678,ADASYN_both
0,0,XG,0.099050727,0.6007059801,ADASYN_both
3,1,XG,0.2305561671,0.6889534884,ADASYN_both
6,2,XG,0.2276568374,0.7094172212,ADASYN_both
9,3,XG,0.2446280075,0.7270258981,ADASYN_both
12,4,XG,0.2511166283,0.7374686717,ADASYN_both
0,0,LR,0.1865796414,0.6879152824,SMOTE_both
3,1,LR,0.2430470114,0.7553986711,SMOTE_both
6,2,LR,0.3029708239,0.7398669087,SMOTE_both
9,3,LR,0.428197454,0.8099415205,SMOTE_both
12,4,LR,0.3298462976,0.7525062657,SMOTE_both
0,0,KNN,0.1873086138,0.6943521595,SMOTE_both
3,1,KNN,0.134596918,0.64410299,SMOTE_both
6,2,KNN,0.1994681419,0.6533575318,SMOTE_both
9,3,KNN,0.1515978462,0.6198830409,SMOTE_both
12,4,KNN,0.1670924589,0.630952381,SMOTE_both
0,0,DT,0.0799879978,0.6153446844,SMOTE_both
3,1,DT,0.193734136,0.6174210963,SMOTE_both
6,2,DT,0.1209960677,0.5771324864,SMOTE_both
9,3,DT,0.0831302494,0.5421888053,SMOTE_both
12,4,DT,0.2527726311,0.6984126984,SMOTE_both
0,0,SVMR,0.2430470114,0.7371262458,SMOTE_both
3,1,SVMR,0.3646698464,0.7958887043,SMOTE_both
6,2,SVMR,0.206078269,0.6331921758,SMOTE_both
9,3,SVMR,0.3514194948,0.7819548872,SMOTE_both
12,4,SVMR,0.3380744838,0.7414369256,SMOTE_both
0,0,SVML,0.2097509259,0.7526993355,SMOTE_both
3,1,SVML,0.3500525485,0.7346345515,SMOTE_both
6,2,SVML,0.3005792243,0.6805807623,SMOTE_both
9,3,SVML,0.2987030401,0.7380952381,SMOTE_both
12,4,SVML,0.4355771248,0.8101503759,SMOTE_both
0,0,RF,0.1612448766,0.6815822259,SMOTE_both
3,1,RF,0.2820971321,0.7055647841,SMOTE_both
6,2,RF,0.3143778988,0.7564025005,SMOTE_both
9,3,RF,0.2103174603,0.6334586466,SMOTE_both
12,4,RF,0.4801428256,0.7848788638,SMOTE_both
0,0,XG,0.3422892167,0.7516611296,SMOTE_both
3,1,XG,0.3001265108,0.7460548173,SMOTE_both
6,2,XG,0.1695071476,0.6398467433,SMOTE_both
9,3,XG,0.2865327934,0.7717209691,SMOTE_both
12,4,XG,-0.0144184952,0.5626566416,SMOTE_both
0,0,LR,0.1549702771,0.7095099668,SMOTE_over
3,1,LR,0.1921665535,0.6409883721,SMOTE_over
6,2,LR,0.3222107711,0.7495462795,SMOTE_over
9,3,LR,0.3914072903,0.8015873016,SMOTE_over
12,4,LR,0.3951770469,0.783625731,SMOTE_over
0,0,KNN,0.1012448707,0.584717608,SMOTE_over
3,1,KNN,0.1657536119,0.6285299003,SMOTE_over
6,2,KNN,0.1597232402,0.7279693487,SMOTE_over
9,3,KNN,0.2017700973,0.6277151211,SMOTE_over
12,4,KNN,0.0926642719,0.6525689223,SMOTE_over
0,0,DT,0.2414829009,0.6312292359,SMOTE_over
3,1,DT,0.1387681717,0.6118147841,SMOTE_over
6,2,DT,0.1461105453,0.5948779996,SMOTE_over
9,3,DT,0.2288393719,0.6838972431,SMOTE_over
12,4,DT,0.0706306629,0.5593149541,SMOTE_over
0,0,SVMR,0.2903803878,0.7435631229,SMOTE_over
3,1,SVMR,0.3131066705,0.7458471761,SMOTE_over
6,2,SVMR,0.4033838014,0.8035894334,SMOTE_over
9,3,SVMR,0.3181642212,0.7094820384,SMOTE_over
12,4,SVMR,0.1958237719,0.6965329992,SMOTE_over
0,0,SVML,0.3105985227,0.7481312292,SMOTE_over
3,1,SVML,0.2181861305,0.6835548173,SMOTE_over
6,2,SVML,0.4562960498,0.8010687639,SMOTE_over
9,3,SVML,0.3092436859,0.7520885547,SMOTE_over
12,4,SVML,0.3193957096,0.7286967419,SMOTE_over
0,0,RF,0.2725100818,0.6989202658,SMOTE_over
3,1,RF,0.2622842472,0.6677740864,SMOTE_over
6,2,RF,0.2246964967,0.7075015124,SMOTE_over
9,3,RF,0.3416555872,0.6543441938,SMOTE_over
12,4,RF,0.2290585294,0.6908939014,SMOTE_over
0,0,XG,0.2201163618,0.7101328904,SMOTE_over
3,1,XG,0.2476807361,0.7302740864,SMOTE_over
6,2,XG,0.3245295765,0.7447065941,SMOTE_over
9,3,XG,0.09755558,0.5718462824,SMOTE_over
12,4,XG,0.1618838257,0.694235589,SMOTE_over
0,0,LR,0.2939726793,0.729858804,TADA
3,1,LR,0.1064965038,0.6422342193,TADA
6,2,LR,0.3039691259,0.7229280097,TADA
9,3,LR,0.2006953276,0.6480785297,TADA
12,4,LR,0.3924829728,0.873433584,TADA
0,0,KNN,0.193734136,0.6457641196,TADA
3,1,KNN,0.2434224649,0.7408637874,TADA
6,2,KNN,0.2634847694,0.6844121799,TADA
9,3,KNN,0.1485172835,0.6256265664,TADA
12,4,KNN,0.1697998215,0.6718880535,TADA
0,0,DT,0.2704242069,0.6862541528,TADA
3,1,DT,0.2207615833,0.6608181063,TADA
6,2,DT,0.1014548333,0.6202863481,TADA
9,3,DT,0.1234870661,0.5705931495,TADA
12,4,DT,0.1435314892,0.6245822891,TADA
0,0,SVMR,0.2728292472,0.7273671096,TADA
3,1,SVMR,0.2684519085,0.721345515,TADA
6,2,SVMR,0.4106743413,0.802379512,TADA
9,3,SVMR,0.3055736035,0.7057226399,TADA
12,4,SVMR,0.4100897602,0.8149540518,TADA
0,0,SVML,0.3388550383,0.7855066445,TADA
3,1,SVML,0.3770747062,0.7392026578,TADA
6,2,SVML,0.3455137953,0.7515628151,TADA
9,3,SVML,0.2719027669,0.7160609858,TADA
12,4,SVML,0.2856316496,0.7220133668,TADA
0,0,RF,0.1997127071,0.6699543189,TADA
3,1,RF,0.3227804884,0.689057309,TADA
6,2,RF,0.1523070126,0.71728171,TADA
9,3,RF,0.1854488481,0.7889515455,TADA
12,4,RF,0.3224679006,0.6331453634,TADA
0,0,XG,0.2624290605,0.6648671096,TADA
3,1,XG,0.2524916944,0.6995431894,TADA
6,2,XG,0.2295305184,0.7091147409,TADA
9,3,XG,0.2616929261,0.7082289056,TADA
12,4,XG,0.0491661968,0.6535087719,TADA
0,0,LR,0.1482146788,0.7462624585,DEFAULT
3,1,LR,0,0.7992109635,DEFAULT
6,2,LR,0.1333383746,0.7037709216,DEFAULT
9,3,LR,0.0510243792,0.7080200501,DEFAULT
12,4,LR,0.261757293,0.7289055973,DEFAULT
0,0,KNN,0.114997004,0.6946636213,DEFAULT
3,1,KNN,0.1586548164,0.6165905316,DEFAULT
6,2,KNN,0.2178339242,0.5747126437,DEFAULT
9,3,KNN,0.3055367237,0.7663951546,DEFAULT
12,4,KNN,0.0510243792,0.673663325,DEFAULT
0,0,DT,0.11521166,0.6254152824,DEFAULT
3,1,DT,0.0934825438,0.6718230897,DEFAULT
6,2,DT,0.1159687079,0.6793708409,DEFAULT
9,3,DT,0.2011992777,0.5756056809,DEFAULT
12,4,DT,0.1747014381,0.6200918964,DEFAULT
0,0,SVMR,-0.0286014634,0.6297757475,DEFAULT
3,1,SVMR,0,0.6146179402,DEFAULT
6,2,SVMR,-0.0291927095,0.6868320226,DEFAULT
9,3,SVMR,0,0.678780284,DEFAULT
12,4,SVMR,0,0.6177944862,DEFAULT
0,0,SVML,0,0.6019518272,DEFAULT
3,1,SVML,0,0.6522009967,DEFAULT
6,2,SVML,0,0.6731195806,DEFAULT
9,3,SVML,0,0.6489139515,DEFAULT
12,4,SVML,0,0.6547619048,DEFAULT
0,0,RF,0.1353748668,0.710755814,DEFAULT
3,1,RF,0.0452878185,0.6262458472,DEFAULT
6,2,RF,0.2449683019,0.7668884856,DEFAULT
9,3,RF,0.2596651628,0.7681704261,DEFAULT
12,4,RF,0.1205713071,0.6338763576,DEFAULT
0,0,XG,0.1719029399,0.7115863787,DEFAULT
3,1,XG,0.0262788583,0.5691445183,DEFAULT
6,2,XG,0.1019782434,0.5381125227,DEFAULT
9,3,XG,0.1780790928,0.6771094403,DEFAULT
12,4,XG,0,0.5,DEFAULT
0,0,LR,0.2677813816,0.7130398671,ADASYN_over
3,1,LR,0.3410329869,0.7784468439,ADASYN_over
6,2,LR,0.311231417,0.7848356523,ADASYN_over
9,3,LR,0.2718122712,0.7623224728,ADASYN_over
12,4,LR,0.2139043175,0.6821219716,ADASYN_over
0,0,KNN,0.1249687107,0.6157599668,ADASYN_over
3,1,KNN,0.0823586409,0.6090116279,ADASYN_over
6,2,KNN,0.1741678984,0.6458963501,ADASYN_over
9,3,KNN,0.1558844946,0.623433584,ADASYN_over
12,4,KNN,0.1103470501,0.5937761069,ADASYN_over
0,0,DT,0.074224836,0.5585548173,ADASYN_over
3,1,DT,0.1966932726,0.6710963455,ADASYN_over
6,2,DT,0.1099504786,0.6412583182,ADASYN_over
9,3,DT,0.1053913664,0.5967000835,ADASYN_over
12,4,DT,0.1434400889,0.5912698413,ADASYN_over
0,0,SVMR,0.3026049693,0.7400332226,ADASYN_over
3,1,SVMR,0.2174703105,0.666320598,ADASYN_over
6,2,SVMR,0.291975119,0.7531760436,ADASYN_over
9,3,SVMR,0.2752516768,0.7015455305,ADASYN_over
12,4,SVMR,0.2778263236,0.7959482038,ADASYN_over
0,0,SVML,0.212281567,0.6843853821,ADASYN_over
3,1,SVML,0.2392205335,0.7252906977,ADASYN_over
6,2,SVML,0.197353484,0.6809840694,ADASYN_over
9,3,SVML,0.4285482525,0.8086883876,ADASYN_over
12,4,SVML,0.3765083933,0.7546992481,ADASYN_over
0,0,RF,0.1129951232,0.6465946844,ADASYN_over
3,1,RF,0.1344770788,0.5817068106,ADASYN_over
6,2,RF,0.1363873734,0.6668683202,ADASYN_over
9,3,RF,0.283421903,0.7211779449,ADASYN_over
12,4,RF,0.2605350125,0.7098997494,ADASYN_over
0,0,XG,0.2430950678,0.7522840532,ADASYN_over
3,1,XG,0.0475680052,0.6103612957,ADASYN_over
6,2,XG,0.1916670234,0.6567856423,ADASYN_over
9,3,XG,0.2556161146,0.6869256475,ADASYN_over
12,4,XG,0.1195846955,0.600877193,ADASYN_over
0,0,LR,0.3198519712,0.7695182724,ADASYN_both
3,1,LR,0.2704242069,0.7302740864,ADASYN_both
6,2,LR,0.2739918945,0.7574107683,ADASYN_both
9,3,LR,0.287198564,0.7525062657,ADASYN_both
12,4,LR,0.1272232573,0.6503759398,ADASYN_both
0,0,KNN,0.0529004415,0.5510797342,ADASYN_both
3,1,KNN,0.195499205,0.6670473422,ADASYN_both
6,2,KNN,0.2530029012,0.7108287961,ADASYN_both
9,3,KNN,0.132624795,0.5888680033,ADASYN_both
12,4,KNN,0.198772807,0.7162698413,ADASYN_both
0,0,DT,0.1683312421,0.6071428571,ADASYN_both
3,1,DT,0.1116533843,0.6050664452,ADASYN_both
6,2,DT,0.1804101291,0.6468037911,ADASYN_both
9,3,DT,0.1398427496,0.6074561404,ADASYN_both
12,4,DT,0.1092617527,0.5817669173,ADASYN_both
0,0,SVMR,0.3852856994,0.7738787375,ADASYN_both
3,1,SVMR,0.2430470114,0.6998546512,ADASYN_both
6,2,SVMR,0.2629644457,0.7197015527,ADASYN_both
9,3,SVMR,0.3316011867,0.7708855472,ADASYN_both
12,4,SVMR,0.1854840208,0.6718880535,ADASYN_both
0,0,SVML,0.3134347195,0.726744186,ADASYN_both
3,1,SVML,0.4341481224,0.8143687708,ADASYN_both
6,2,SVML,0.2060474451,0.6888485582,ADASYN_both
9,3,SVML,0.2730727231,0.7320384294,ADASYN_both
12,4,SVML,0.3509884056,0.7435254804,ADASYN_both
0,0,RF,0.2530908632,0.7476121262,ADASYN_both
3,1,RF,0.2021699722,0.6418189369,ADASYN_both
6,2,RF,0.176767955,0.596995362,ADASYN_both
9,3,RF,0.3509884056,0.7269214703,ADASYN_both
12,4,RF,0.238677345,0.6869256475,ADASYN_both
0,0,XG,0.194531766,0.6447259136,ADASYN_both
3,1,XG,0.2169682591,0.6600913621,ADASYN_both
6,2,XG,0.1933857633,0.6444847752,ADASYN_both
9,3,XG,0.252737727,0.7445697577,ADASYN_both
12,4,XG,0.028174526,0.5964912281,ADASYN_both
0,0,LR,0.2793667276,0.7248754153,SMOTE_both
3,1,LR,0.2537520164,0.6989202658,SMOTE_both
6,2,LR,0.397613368,0.7832224239,SMOTE_both
9,3,LR,0.1334431733,0.6468253968,SMOTE_both
12,4,LR,0.4214723899,0.8009607352,SMOTE_both
0,0,KNN,0.1339410293,0.6354858804,SMOTE_both
3,1,KNN,0.0597016641,0.5677948505,SMOTE_both
6,2,KNN,0.196222443,0.69943537,SMOTE_both
9,3,KNN,0.2422986623,0.7317251462,SMOTE_both
12,4,KNN,0.2282480593,0.7093776107,SMOTE_both
0,0,DT,0.078082265,0.5825373754,SMOTE_both
3,1,DT,0.043187127,0.5805647841,SMOTE_both
6,2,DT,0.0848716112,0.5820729986,SMOTE_both
9,3,DT,0.1002888144,0.6055764411,SMOTE_both
12,4,DT,0.2380059093,0.6649958229,SMOTE_both
0,0,SVMR,0.2560092623,0.6808554817,SMOTE_both
3,1,SVMR,0.3647582326,0.7808347176,SMOTE_both
6,2,SVMR,0.3335532465,0.7523694293,SMOTE_both
9,3,SVMR,0.3461234808,0.7387218045,SMOTE_both
12,4,SVMR,0.2719027669,0.7111528822,SMOTE_both
0,0,SVML,0.3713124175,0.7940199336,SMOTE_both
3,1,SVML,0.27394028,0.7317275748,SMOTE_both
6,2,SVML,0.2135980951,0.661020367,SMOTE_both
9,3,SVML,0.3493748127,0.7213868003,SMOTE_both
12,4,SVML,0.428197454,0.8279030911,SMOTE_both
0,0,RF,0.3830294228,0.7814576412,SMOTE_both
3,1,RF,0.1700378721,0.6571843854,SMOTE_both
6,2,RF,0.2632567407,0.6163541036,SMOTE_both
9,3,RF,0.1607805643,0.5867794486,SMOTE_both
12,4,RF,0.2934419382,0.6925647452,SMOTE_both
0,0,XG,0.1224829638,0.6478405316,SMOTE_both
3,1,XG,0.2057162571,0.7016196013,SMOTE_both
6,2,XG,0.2833400693,0.6765476911,SMOTE_both
9,3,XG,0.2949568778,0.6574770259,SMOTE_both
12,4,XG,0.1780790928,0.6616541353,SMOTE_both
0,0,LR,0.346815103,0.7755398671,SMOTE_over
3,1,LR,0.2799017372,0.6958056478,SMOTE_over
6,2,LR,0.3338291385,0.7646702964,SMOTE_over
9,3,LR,0.2811028284,0.7525062657,SMOTE_over
12,4,LR,0.2621667372,0.7251461988,SMOTE_over
0,0,KNN,-0.0169008364,0.5473421927,SMOTE_over
3,1,KNN,0.0986468719,0.6118147841,SMOTE_over
6,2,KNN,0.1255913371,0.665154265,SMOTE_over
9,3,KNN,0.2033477295,0.6424394319,SMOTE_over
12,4,KNN,0.2769421119,0.7016499582,SMOTE_over
0,0,DT,0.1710398395,0.6670473422,SMOTE_over
3,1,DT,0.1651191209,0.5893895349,SMOTE_over
6,2,DT,0.2933114179,0.7445049405,SMOTE_over
9,3,DT,0.2231226066,0.653091061,SMOTE_over
12,4,DT,0.1158237664,0.5897034252,SMOTE_over
0,0,SVMR,0.1813690118,0.6933139535,SMOTE_over
3,1,SVMR,0.2792516487,0.7458471761,SMOTE_over
6,2,SVMR,0.227415115,0.6850171406,SMOTE_over
9,3,SVMR,0.4081208509,0.8118212197,SMOTE_over
12,4,SVMR,0.1780790928,0.6486006683,SMOTE_over
0,0,SVML,0.3660570791,0.7890365449,SMOTE_over
3,1,SVML,0.3580255993,0.7273671096,SMOTE_over
6,2,SVML,0.3263384795,0.7535793507,SMOTE_over
9,3,SVML,0.2645393359,0.6967418546,SMOTE_over
12,4,SVML,0.3193957096,0.7589807853,SMOTE_over
0,0,RF,0.2201163618,0.7443936877,SMOTE_over
3,1,RF,0.226584667,0.6837624585,SMOTE_over
6,2,RF,0.1368844968,0.6543657996,SMOTE_over
9,3,RF,0.2605350125,0.6449456976,SMOTE_over
12,4,RF,0.3038946217,0.6775271512,SMOTE_over
0,0,XG,0.1129951232,0.6368355482,SMOTE_over
3,1,XG,0.135780591,0.6328903654,SMOTE_over
6,2,XG,0.0464829855,0.6127243396,SMOTE_over
9,3,XG,0.2081465035,0.7161654135,SMOTE_over
12,4,XG,0.1930187356,0.6773182957,SMOTE_over
0,0,LR,0.1458711283,0.6580149502,TADA
3,1,LR,0.2903803878,0.7234219269,TADA
6,2,LR,0.2262122704,0.7102238355,TADA
9,3,LR,0.3902524714,0.8013784461,TADA
12,4,LR,0.2653835867,0.7036340852,TADA
0,0,KNN,0.198177207,0.6694352159,TADA
3,1,KNN,0.1867264814,0.6055855482,TADA
6,2,KNN,0.0962039657,0.5870135108,TADA
9,3,KNN,0.1772206542,0.6971595656,TADA
12,4,KNN,0.3217170708,0.7573099415,TADA
0,0,DT,0.1116533843,0.5850290698,TADA
3,1,DT,0.0931704976,0.5618770764,TADA
6,2,DT,0.1521787019,0.6251260335,TADA
9,3,DT,0.0537464279,0.5467836257,TADA
12,4,DT,0.2152255702,0.6291771094,TADA
0,0,SVMR,0.2588625803,0.7157392027,TADA
3,1,SVMR,0.345507503,0.8127076412,TADA
6,2,SVMR,0.2350124125,0.6959064327,TADA
9,3,SVMR,0.3009888561,0.7121971596,TADA
12,4,SVMR,0.3316011867,0.7462406015,TADA
0,0,SVML,0.2305561671,0.7003737542,TADA
3,1,SVML,0.2033115073,0.6360049834,TADA
6,2,SVML,0.3338291385,0.7914902198,TADA
9,3,SVML,0.4294578805,0.7671261487,TADA
12,4,SVML,0.4822133681,0.8253968254,TADA
0,0,RF,0.2281642678,0.7326619601,TADA
3,1,RF,0.2387144598,0.695494186,TADA
6,2,RF,0.3024470106,0.6793708409,TADA
9,3,RF,0.243934301,0.6272974102,TADA
12,4,RF,0.2373214501,0.693817878,TADA
0,0,XG,0.0241688534,0.6311254153,TADA
3,1,XG,0.2848545874,0.7144933555,TADA
6,2,XG,0.2944203756,0.703569268,TADA
9,3,XG,0.3043904546,0.7220133668,TADA
12,4,XG,0.1930187356,0.6948621554,TADA
0,0,LR,0.0452878185,0.8004568106,DEFAULT
3,1,LR,0.1042729499,0.7772009967,DEFAULT
6,2,LR,0.1333383746,0.7182899778,DEFAULT
9,3,LR,0.1053783245,0.7865497076,DEFAULT
12,4,LR,0.1821905897,0.6814954052,DEFAULT
0,0,KNN,0.3186922552,0.7011004983,DEFAULT
3,1,KNN,0.2186933668,0.7074335548,DEFAULT
6,2,KNN,0.1440334139,0.7046783626,DEFAULT
9,3,KNN,0.1854488481,0.5781119465,DEFAULT
12,4,KNN,0.2596651628,0.6597744361,DEFAULT
0,0,DT,0.2610742528,0.6151370432,DEFAULT
3,1,DT,0.2387144598,0.6093230897,DEFAULT
6,2,DT,0.2209545547,0.7018552127,DEFAULT
9,3,DT,0.1756250433,0.6454678363,DEFAULT
12,4,DT,0.1269633952,0.6871345029,DEFAULT
0,0,SVMR,0,0.771179402,DEFAULT
3,1,SVMR,0,0.717192691,DEFAULT
6,2,SVMR,-0.0291927095,0.7092155677,DEFAULT
9,3,SVMR,0,0.5217209691,DEFAULT
12,4,SVMR,0.1756250433,0.7577276525,DEFAULT
0,0,SVML,0,0.6737956811,DEFAULT
3,1,SVML,0,0.7888289037,DEFAULT
6,2,SVML,0,0.6430732002,DEFAULT
9,3,SVML,0,0.6984126984,DEFAULT
12,4,SVML,0,0.6975772765,DEFAULT
0,0,RF,0.1382448616,0.6974667774,DEFAULT
3,1,RF,0.1199852335,0.7570598007,DEFAULT
6,2,RF,0.2601349862,0.7746521476,DEFAULT
9,3,RF,0.261757293,0.7852965748,DEFAULT
12,4,RF,0.0796296238,0.6778404344,DEFAULT
0,0,XG,0.1255685853,0.6519933555,DEFAULT
3,1,XG,0,0.5,DEFAULT
6,2,XG,0,0.5,DEFAULT
9,3,XG,-0.0044002622,0.5020885547,DEFAULT
12,4,XG,0.0202655025,0.5328947368,DEFAULT
0,0,LR,0.3075593067,0.7909053156,ADASYN_over
3,1,LR,0.3581588539,0.824127907,ADASYN_over
6,2,LR,0.3062608957,0.696713047,ADASYN_over
9,3,LR,0.3517038142,0.7738095238,ADASYN_over
12,4,LR,0.2119644629,0.6583124478,ADASYN_over
0,0,KNN,0.204569082,0.6841777409,ADASYN_over
3,1,KNN,0.2297865048,0.6235465116,ADASYN_over
6,2,KNN,0.1989792063,0.6206896552,ADASYN_over
9,3,KNN,0.283842275,0.6941311612,ADASYN_over
12,4,KNN,0.132624795,0.6493316625,ADASYN_over
0,0,DT,0.1232140728,0.5805647841,ADASYN_over
3,1,DT,0.1606889297,0.6242732558,ADASYN_over
6,2,DT,0.1778130416,0.6027424884,ADASYN_over
9,3,DT,0.0730756778,0.5603592314,ADASYN_over
12,4,DT,0.013165669,0.507101086,ADASYN_over
0,0,SVMR,0.2000138423,0.7379568106,ADASYN_over
3,1,SVMR,0.2326368486,0.7167774086,ADASYN_over
6,2,SVMR,0.3015778723,0.6809840694,ADASYN_over
9,3,SVMR,0.2060779849,0.7071846282,ADASYN_over
12,4,SVMR,0.2174991185,0.7021720969,ADASYN_over
0,0,SVML,0.2560092623,0.7113787375,ADASYN_over
3,1,SVML,0.3018688822,0.7159468439,ADASYN_over
6,2,SVML,0.3984543092,0.7753579351,ADASYN_over
9,3,SVML,0.3316011867,0.7824770259,ADASYN_over
12,4,SVML,0.3639718028,0.7696324144,ADASYN_over
0,0,RF,0.2235423653,0.7204111296,ADASYN_over
3,1,RF,0.1694352159,0.6862541528,ADASYN_over
6,2,RF,0.2737310743,0.6970155273,ADASYN_over
9,3,RF,0.1546991178,0.6964285714,ADASYN_over
12,4,RF,0.2492648914,0.6963241437,ADASYN_over
0,0,XG,0.2476807361,0.7217607973,ADASYN_over
3,1,XG,0.26517757,0.6964285714,ADASYN_over
6,2,XG,0.1160587302,0.6281508369,ADASYN_over
9,3,XG,0.2006953276,0.764619883,ADASYN_over
12,4,XG,0.0652399776,0.642021721,ADASYN_over
0,0,LR,0.345442543,0.708679402,ADASYN_both
3,1,LR,0.2789175072,0.7992109635,ADASYN_both
6,2,LR,0.3050794633,0.724137931,ADASYN_both
9,3,LR,0.292747734,0.7493734336,ADASYN_both
12,4,LR,0.2853701496,0.7510442774,ADASYN_both
0,0,KNN,0.1443666177,0.6420265781,ADASYN_both
3,1,KNN,0.2607913094,0.7160506645,ADASYN_both
6,2,KNN,0.2045703901,0.6637426901,ADASYN_both
9,3,KNN,0.2114769205,0.7228487886,ADASYN_both
12,4,KNN,0.1002888144,0.6247911445,ADASYN_both
0,0,DT,0.2148404473,0.6158637874,ADASYN_both
3,1,DT,0.2275343305,0.6581187708,ADASYN_both
6,2,DT,0.1035863892,0.5895341803,ADASYN_both
9,3,DT,0.1654252263,0.6383667502,ADASYN_both
12,4,DT,0.2114769205,0.7398705096,ADASYN_both
0,0,SVMR,0.2793667276,0.7337001661,ADASYN_both
3,1,SVMR,0.3393559559,0.7792774086,ADASYN_both
6,2,SVMR,0.2823702722,0.7013510788,ADASYN_both
9,3,SVMR,0.2728473598,0.7268170426,ADASYN_both
12,4,SVMR,0.4391904949,0.8347953216,ADASYN_both
0,0,SVML,0.3902519411,0.8048172757,ADASYN_both
3,1,SVML,0.3215370818,0.7408637874,ADASYN_both
6,2,SVML,0.3143778988,0.739261948,ADASYN_both
9,3,SVML,0.3653419471,0.7568922306,ADASYN_both
12,4,SVML,0.2511166283,0.712406015,ADASYN_both
0,0,RF,0.2109634551,0.7270556478,ADASYN_both
3,1,RF,0.1612448766,0.6332018272,ADASYN_both
6,2,RF,0.4783064948,0.8495664448,ADASYN_both
9,3,RF,0.0740358025,0.6006683375,ADASYN_both
12,4,RF,0.2949568778,0.7196115288,ADASYN_both
0,0,XG,0.2169682591,0.678986711,ADASYN_both
3,1,XG,0.1842007519,0.6866694352,ADASYN_both
6,2,XG,0.2875672101,0.7348255697,ADASYN_both
9,3,XG,0.2865327934,0.7857142857,ADASYN_both
12,4,XG,0.1869188872,0.6612364244,ADASYN_both
0,0,LR,0.2610494736,0.7686877076,SMOTE_both
3,1,LR,0.3347236394,0.7570598007,SMOTE_both
6,2,LR,0.3670790527,0.7783827385,SMOTE_both
9,3,LR,0.3324803295,0.7042606516,SMOTE_both
12,4,LR,0.2730727231,0.7378863826,SMOTE_both
0,0,KNN,0.1765163234,0.6127491694,SMOTE_both
3,1,KNN,0.2631666187,0.727782392,SMOTE_both
6,2,KNN,0.2138288105,0.6672716273,SMOTE_both
9,3,KNN,0.1545441045,0.657059315,SMOTE_both
12,4,KNN,0.2653835867,0.7178362573,SMOTE_both
0,0,DT,0.1708862351,0.6348629568,SMOTE_both
3,1,DT,0.1879101572,0.6207433555,SMOTE_both
6,2,DT,0.2375289497,0.6647509579,SMOTE_both
9,3,DT,0.3217170708,0.7054093567,SMOTE_both
12,4,DT,0.14958601,0.6703216374,SMOTE_both
0,0,SVMR,0.3646698464,0.7389950166,SMOTE_both
3,1,SVMR,0.2902009604,0.7676495017,SMOTE_both
6,2,SVMR,0.2632567407,0.7422867514,SMOTE_both
9,3,SVMR,0.3509884056,0.7527151211,SMOTE_both
12,4,SVMR,0.2440330131,0.7194026734,SMOTE_both
0,0,SVML,0.3922913243,0.7904900332,SMOTE_both
3,1,SVML,0.3805865564,0.771179402,SMOTE_both
6,2,SVML,0.2882043572,0.6991328897,SMOTE_both
9,3,SVML,0.3043904546,0.6802422723,SMOTE_both
12,4,SVML,0.4576121784,0.8529657477,SMOTE_both
0,0,RF,0.1533505243,0.7311046512,SMOTE_both
3,1,RF,0.1242905942,0.6129568106,SMOTE_both
6,2,RF,0.2840201633,0.7676950998,SMOTE_both
9,3,RF,0.3824558955,0.7246240602,SMOTE_both
12,4,RF,0.3354359711,0.7716165414,SMOTE_both
0,0,XG,0.2159807659,0.6727574751,SMOTE_both
3,1,XG,0.265708456,0.6831395349,SMOTE_both
6,2,XG,0.0840486122,0.6497277677,SMOTE_both
9,3,XG,0.3065369696,0.7170008354,SMOTE_both
12,4,XG,0.3415942527,0.7644110276,SMOTE_both
0,0,LR,0.1218982521,0.6488787375,SMOTE_over
3,1,LR,0.3193158615,0.7491694352,SMOTE_over
6,2,LR,0.320619369,0.7999596693,SMOTE_over
9,3,LR,0.3068952838,0.7303675856,SMOTE_over
12,4,LR,0.4214723899,0.776106934,SMOTE_over
0,0,KNN,0.212281567,0.6940406977,SMOTE_over
3,1,KNN,0.144645506,0.6157599668,SMOTE_over
6,2,KNN,0.1072720563,0.572292801,SMOTE_over
9,3,KNN,0.1765215219,0.6053675856,SMOTE_over
12,4,KNN,0.2519121812,0.7224310777,SMOTE_over
0,0,DT,0.0842383517,0.5961378738,SMOTE_over
3,1,DT,0.089219789,0.5558554817,SMOTE_over
6,2,DT,0.0761335784,0.579149022,SMOTE_over
9,3,DT,0.1700227436,0.6728279031,SMOTE_over
12,4,DT,0.2856316496,0.6715747703,SMOTE_over
0,0,SVMR,0.1903804162,0.6752491694,SMOTE_over
3,1,SVMR,0.2903803878,0.7304817276,SMOTE_over
6,2,SVMR,0.2808475553,0.7562008469,SMOTE_over
9,3,SVMR,0.4245097344,0.7959482038,SMOTE_over
12,4,SVMR,0.2978928,0.7457184628,SMOTE_over
0,0,SVML,0.3201422663,0.7294435216,SMOTE_over
3,1,SVML,0.422098402,0.814576412,SMOTE_over
6,2,SVML,0.3157916331,0.7194998992,SMOTE_over
9,3,SVML,0.2853701496,0.7215956558,SMOTE_over
12,4,SVML,0.3827298318,0.7744360902,SMOTE_over
0,0,RF,0.3703536708,0.8050249169,SMOTE_over
3,1,RF,0.1224829638,0.6049626246,SMOTE_over
6,2,RF,0.1940731915,0.6479128857,SMOTE_over
9,3,RF,0.2645393359,0.7096908939,SMOTE_over
12,4,RF,0.2939095475,0.6501670844,SMOTE_over
0,0,XG,0.3451057176,0.7658845515,SMOTE_over
3,1,XG,0.1937059254,0.6891611296,SMOTE_over
6,2,XG,0.2295305184,0.6709013914,SMOTE_over
9,3,XG,0.1518488598,0.6963241437,SMOTE_over
12,4,XG,0.2194912306,0.6967418546,SMOTE_over
0,0,LR,0.2727248099,0.7437707641,TADA
3,1,LR,0.3198519712,0.7526993355,TADA
6,2,LR,0.3687572444,0.8320225852,TADA
9,3,LR,0.3829548554,0.7888471178,TADA
12,4,LR,0.2513445895,0.6873433584,TADA
0,0,KNN,0.1458711283,0.6308139535,TADA
3,1,KNN,0.3526937758,0.7927740864,TADA
6,2,KNN,0.1826124302,0.6753377697,TADA
9,3,KNN,0.1272232573,0.5562865497,TADA
12,4,KNN,0.1540559592,0.6233291562,TADA
0,0,DT,0.194531766,0.6489825581,TADA
3,1,DT,0.2246214982,0.6463870432,TADA
6,2,DT,0.1695071476,0.593768905,TADA
9,3,DT,0.1386912135,0.581871345,TADA
12,4,DT,0.1120400158,0.625,TADA
0,0,SVMR,0.2792516487,0.7318313953,TADA
3,1,SVMR,0.3049940219,0.7574750831,TADA
6,2,SVMR,0.2747833439,0.7233313168,TADA
9,3,SVMR,0.2527726311,0.7297410192,TADA
12,4,SVMR,0.3252522901,0.7961570593,TADA
0,0,SVML,0.3259758671,0.7653654485,TADA
3,1,SVML,0.3468466135,0.7587209302,TADA
6,2,SVML,0.3148294198,0.7487396653,TADA
9,3,SVML,0.3065369696,0.7030075188,TADA
12,4,SVML,0.4554979499,0.8088972431,TADA
0,0,RF,0.2846405717,0.7516611296,TADA
3,1,RF,0.1707371411,0.697051495,TADA
6,2,RF,0.288743041,0.6786650534,TADA
9,3,RF,0.377142819,0.7052005013,TADA
12,4,RF,0.2616929261,0.7135547201,TADA
0,0,XG,0.3062428087,0.686461794,TADA
3,1,XG,0.2848545874,0.7879983389,TADA
6,2,XG,0.0442384753,0.645493043,TADA
9,3,XG,0.2103174603,0.7047827903,TADA
12,4,XG,0.2470031209,0.7069757728,TADA
0,0,LR,0.0979869536,0.7122093023,DEFAULT
3,1,LR,0.2367914544,0.8095930233,DEFAULT
6,2,LR,0.2605558263,0.7914902198,DEFAULT
9,3,LR,0.0976779386,0.7234753551,DEFAULT
12,4,LR,0.0685381072,0.7619047619,DEFAULT
0,0,KNN,0.3834725551,0.8536129568,DEFAULT
3,1,KNN,0.1170654472,0.6502284053,DEFAULT
6,2,KNN,0.1729165554,0.6708005646,DEFAULT
9,3,KNN,0.1348435359,0.5791562239,DEFAULT
12,4,KNN,0.2250863455,0.7470760234,DEFAULT
0,0,DT,0.3458342506,0.6587416944,DEFAULT
3,1,DT,0.2524916944,0.6537583056,DEFAULT
6,2,DT,0.1682134403,0.6631377294,DEFAULT
9,3,DT,0.3292120906,0.7315162907,DEFAULT
12,4,DT,0.3586851573,0.6643692565,DEFAULT
0,0,SVMR,0,0.5973837209,DEFAULT
3,1,SVMR,0,0.5793189369,DEFAULT
6,2,SVMR,0,0.7477313975,DEFAULT
9,3,SVMR,-0.028757317,0.675229741,DEFAULT
12,4,SVMR,0,0.7291144528,DEFAULT
0,0,SVML,0,0.6827242525,DEFAULT
3,1,SVML,0,0.5803571429,DEFAULT
6,2,SVML,0,0.7691066747,DEFAULT
9,3,SVML,0,0.7090643275,DEFAULT
12,4,SVML,0,0.6917293233,DEFAULT
0,0,RF,0.2443264917,0.802429402,DEFAULT
3,1,RF,0.158383688,0.7514534884,DEFAULT
6,2,RF,0.1161086848,0.7991530551,DEFAULT
9,3,RF,0.0510243792,0.7050960735,DEFAULT
12,4,RF,0.0189148627,0.6972639933,DEFAULT
0,0,XG,0.0804000294,0.5784883721,DEFAULT
3,1,XG,0.2725100818,0.7036960133,DEFAULT
6,2,XG,0.0781612175,0.7103246622,DEFAULT
9,3,XG,0.2685775067,0.6979949875,DEFAULT
12,4,XG,0.1712341409,0.6704260652,DEFAULT
0,0,LR,0.3772529965,0.8208056478,ADASYN_over
3,1,LR,0.2392205335,0.7742940199,ADASYN_over
6,2,LR,0.2932570597,0.7747529744,ADASYN_over
9,3,LR,0.2981652281,0.7752715121,ADASYN_over
12,4,LR,0.2527726311,0.657059315,ADASYN_over
0,0,KNN,0.2450748797,0.7263289037,ADASYN_over
3,1,KNN,0.1556889723,0.6626868771,ADASYN_over
6,2,KNN,0.0884376313,0.6106069772,ADASYN_over
9,3,KNN,0.2268971339,0.7167919799,ADASYN_over
12,4,KNN,0.2126263954,0.6775271512,ADASYN_over
0,0,DT,0.0644811359,0.5148463455,ADASYN_over
3,1,DT,0.1132008308,0.5880398671,ADASYN_over
6,2,DT,0.3687572444,0.7519661222,ADASYN_over
9,3,DT,0.1576571327,0.609962406,ADASYN_over
12,4,DT,0.1772206542,0.6354427736,ADASYN_over
0,0,SVMR,0.2944080951,0.7975498339,ADASYN_over
3,1,SVMR,0.1648863654,0.6704734219,ADASYN_over
6,2,SVMR,0.1349045356,0.6507360355,ADASYN_over
9,3,SVMR,0.3677353249,0.8385547201,ADASYN_over
12,4,SVMR,0.3036626973,0.7506265664,ADASYN_over
0,0,SVML,0.4708992186,0.8457225914,ADASYN_over
3,1,SVML,0.2126020403,0.7235257475,ADASYN_over
6,2,SVML,0.2739918945,0.7396652551,ADASYN_over
9,3,SVML,0.2550890563,0.7121971596,ADASYN_over
12,4,SVML,0.4172073401,0.824352548,ADASYN_over
0,0,RF,0.1626518887,0.6676702658,ADASYN_over
3,1,RF,0.2940199336,0.7261212625,ADASYN_over
6,2,RF,0.1612448766,0.6880419439,ADASYN_over
9,3,RF,0.2737983957,0.7220133668,ADASYN_over
12,4,RF,0.1954533664,0.6885964912,ADASYN_over
0,0,XG,0.2235423653,0.7120016611,ADASYN_over
3,1,XG,0.1438374649,0.6765988372,ADASYN_over
6,2,XG,0.2337164751,0.7156684815,ADASYN_over
9,3,XG,0.3243812049,0.7456140351,ADASYN_over
12,4,XG,0.2523720477,0.6754385965,ADASYN_over
0,0,LR,0.2929154343,0.7136627907,ADASYN_both
3,1,LR,0.3278220501,0.7815614618,ADASYN_both
6,2,LR,0.3380530608,0.7445049405,ADASYN_both
9,3,LR,0.2821393223,0.7865497076,ADASYN_both
12,4,LR,0.332147622,0.7591896408,ADASYN_both
0,0,KNN,0.2272975013,0.7597591362,ADASYN_both
3,1,KNN,0.2180500878,0.7229028239,ADASYN_both
6,2,KNN,0.32302935,0.7482355314,ADASYN_both
9,3,KNN,0.1147356167,0.6453634085,ADASYN_both
12,4,KNN,0.3374709206,0.7637844612,ADASYN_both
0,0,DT,0.1715773083,0.6365240864,ADASYN_both
3,1,DT,0.1976934175,0.6476328904,ADASYN_both
6,2,DT,0.3176841765,0.7184916314,ADASYN_both
9,3,DT,-0.017302596,0.4900793651,ADASYN_both
12,4,DT,0.1692975547,0.5829156224,ADASYN_both
0,0,SVMR,0.0865768454,0.6463870432,ADASYN_both
3,1,SVMR,0.3322627805,0.8095930233,ADASYN_both
6,2,SVMR,0.3627188499,0.8164952611,ADASYN_both
9,3,SVMR,0.2621667372,0.7078111947,ADASYN_both
12,4,SVMR,0.2405718428,0.7439431913,ADASYN_both
0,0,SVML,0.2148404473,0.7346345515,ADASYN_both
3,1,SVML,0.2861568877,0.7763704319,ADASYN_both
6,2,SVML,0.3985741907,0.8544061303,ADASYN_both
9,3,SVML,0.3288609759,0.7322472849,ADASYN_both
12,4,SVML,0.3951770469,0.7894736842,ADASYN_both
0,0,RF,0.3746537715,0.7952657807,ADASYN_both
3,1,RF,0.2169682591,0.6992317276,ADASYN_both
6,2,RF,0.2672753167,0.7076023392,ADASYN_both
9,3,RF,0.2157004631,0.6798245614,ADASYN_both
12,4,RF,0.1987446797,0.6859857978,ADASYN_both
0,0,XG,0.2591390646,0.7441860465,ADASYN_both
3,1,XG,0.3002160477,0.7979651163,ADASYN_both
6,2,XG,0.0793946854,0.6370235935,ADASYN_both
9,3,XG,0.3067698386,0.6986215539,ADASYN_both
12,4,XG,0.2440330131,0.7226399332,ADASYN_both
0,0,LR,0.3713124175,0.7921511628,SMOTE_both
3,1,LR,0.3045779004,0.7734634551,SMOTE_both
6,2,LR,0.4142336042,0.8171002218,SMOTE_both
9,3,LR,0.2367737326,0.6372180451,SMOTE_both
12,4,LR,0.3655781502,0.8038847118,SMOTE_both
0,0,KNN,0.2819950944,0.7051495017,SMOTE_both
3,1,KNN,0.2328643806,0.7021387043,SMOTE_both
6,2,KNN,0.3353672487,0.7659810446,SMOTE_both
9,3,KNN,0.2783037696,0.7205513784,SMOTE_both
12,4,KNN,0.2728473598,0.740914787,SMOTE_both
0,0,DT,0.2445637895,0.6912375415,SMOTE_both
3,1,DT,0.1760901813,0.6375622924,SMOTE_both
6,2,DT,0.0761335784,0.6177656786,SMOTE_both
9,3,DT,0.1096595236,0.6293859649,SMOTE_both
12,4,DT,0.292747734,0.7370509607,SMOTE_both
0,0,SVMR,0.3590362999,0.8118770764,SMOTE_both
3,1,SVMR,0.2801414952,0.739410299,SMOTE_both
6,2,SVMR,0.2530029012,0.7318007663,SMOTE_both
9,3,SVMR,0.3844887459,0.7531328321,SMOTE_both
12,4,SVMR,0.3129046834,0.7268170426,SMOTE_both
0,0,SVML,0.4582175982,0.8388704319,SMOTE_both
3,1,SVML,0.2389795317,0.7512458472,SMOTE_both
6,2,SVML,0.3284490288,0.7709215568,SMOTE_both
9,3,SVML,0.2994645447,0.7209690894,SMOTE_both
12,4,SVML,0.3895275689,0.8063909774,SMOTE_both
0,0,RF,0.1694352159,0.7483388704,SMOTE_both
3,1,RF,0.2665805682,0.73785299,SMOTE_both
6,2,RF,0.1849272053,0.6734220609,SMOTE_both
9,3,RF,0.2583825924,0.7036340852,SMOTE_both
12,4,RF,0.3099160301,0.7218045113,SMOTE_both
0,0,XG,0.2201163618,0.7348421927,SMOTE_both
3,1,XG,0.2057162571,0.7028654485,SMOTE_both
6,2,XG,0.3266109808,0.7440008066,SMOTE_both
9,3,XG,0.3154708642,0.7341269841,SMOTE_both
12,4,XG,0.0915766512,0.7034252297,SMOTE_both
0,0,LR,0.4025507336,0.8081395349,SMOTE_over
3,1,LR,0.4287816466,0.7848837209,SMOTE_over
6,2,LR,0.2318259678,0.7275660415,SMOTE_over
9,3,LR,0.2436080698,0.7251461988,SMOTE_over
12,4,LR,0.3401836022,0.8086883876,SMOTE_over
0,0,KNN,0.2677813816,0.7078488372,SMOTE_over
3,1,KNN,0.2224962129,0.7238372093,SMOTE_over
6,2,KNN,0.2688239365,0.73512805,SMOTE_over
9,3,KNN,0.2174991185,0.6988304094,SMOTE_over
12,4,KNN,0.2517738679,0.7184628237,SMOTE_over
0,0,DT,0.1765163234,0.6586378738,SMOTE_over
3,1,DT,0.1708862351,0.6574958472,SMOTE_over
6,2,DT,0.1240945975,0.6007259528,SMOTE_over
9,3,DT,0.1386912135,0.7087510443,SMOTE_over
12,4,DT,0.0740358025,0.5835421888,SMOTE_over
0,0,SVMR,0.2579533586,0.7290282392,SMOTE_over
3,1,SVMR,0.4311809502,0.8320182724,SMOTE_over
6,2,SVMR,0.296990348,0.7219197419,SMOTE_over
9,3,SVMR,0.2420320223,0.7439431913,SMOTE_over
12,4,SVMR,0.3765083933,0.7775689223,SMOTE_over
0,0,SVML,0.267854843,0.770141196,SMOTE_over
3,1,SVML,0.3713124175,0.7931893688,SMOTE_over
6,2,SVML,0.3687572444,0.7624521073,SMOTE_over
9,3,SVML,0.3446783857,0.7926065163,SMOTE_over
12,4,SVML,0.2513445895,0.7583542189,SMOTE_over
0,0,RF,0.1011200932,0.6465946844,SMOTE_over
3,1,RF,0.3703536708,0.771698505,SMOTE_over
6,2,RF,0.3475133385,0.7701149425,SMOTE_over
9,3,RF,0.1432438235,0.7095864662,SMOTE_over
12,4,RF,0.3460963172,0.7400793651,SMOTE_over
0,0,XG,0.1524985703,0.7321428571,SMOTE_over
3,1,XG,0.1694352159,0.6708887043,SMOTE_over
6,2,XG,0.227415115,0.736035491,SMOTE_over
9,3,XG,0.2737983957,0.8078529657,SMOTE_over
12,4,XG,0.2334085657,0.7057226399,SMOTE_over
0,0,LR,0.4292131821,0.8218438538,TADA
3,1,LR,0.2662233303,0.7321428571,TADA
6,2,LR,0.2710073834,0.7485380117,TADA
9,3,LR,0.2110012195,0.7040517962,TADA
12,4,LR,0.4334697117,0.8264411028,TADA
0,0,KNN,0.3077585671,0.7087832226,TADA
3,1,KNN,0.1387681717,0.6549003322,TADA
6,2,KNN,0.1333815281,0.6641459972,TADA
9,3,KNN,0.1645640932,0.6919381788,TADA
12,4,KNN,0.2752516768,0.7593984962,TADA
0,0,DT,0.1877508925,0.6115033223,TADA
3,1,DT,0.2031472587,0.6591569767,TADA
6,2,DT,0.1426373657,0.5743093366,TADA
9,3,DT,0.1927926262,0.6425438596,TADA
12,4,DT,0.115455182,0.6107978279,TADA
0,0,SVMR,0.27394028,0.772217608,TADA
3,1,SVMR,0.3273447444,0.7697259136,TADA
6,2,SVMR,0.2532418475,0.7130469853,TADA
9,3,SVMR,0.3962325639,0.8187134503,TADA
12,4,SVMR,0.2119644629,0.7406015038,TADA
0,0,SVML,0.3018688822,0.749480897,TADA
3,1,SVML,0.2021840803,0.7078488372,TADA
6,2,SVML,0.4424648691,0.8436176649,TADA
9,3,SVML,0.2603496289,0.709273183,TADA
12,4,SVML,0.3740279563,0.7702589808,TADA
0,0,RF,0.3937238492,0.8526785714,TADA
3,1,RF,0.2281642678,0.7392026578,TADA
6,2,RF,0.3024470106,0.7636620286,TADA
9,3,RF,0.1403360778,0.6518379282,TADA
12,4,RF,0.0739316231,0.6408730159,TADA
0,0,XG,0.3965799204,0.7877906977,TADA
3,1,XG,0.2610742528,0.7074335548,TADA
6,2,XG,0.2113094721,0.6942932043,TADA
9,3,XG,0.3460963172,0.7679615706,TADA
12,4,XG,0.3642953923,0.7823725982,TADA
0,0,LR,0.2621204807,0.7522840532,DEFAULT
3,1,LR,0.0979869536,0.7410714286,DEFAULT
6,2,LR,0.1013313194,0.7338173019,DEFAULT
9,3,LR,0.0643295481,0.7320384294,DEFAULT
12,4,LR,0.2120573169,0.7936507937,DEFAULT
0,0,KNN,0.1752241871,0.7249792359,DEFAULT
3,1,KNN,0.1554871914,0.6806478405,DEFAULT
6,2,KNN,0.2414081163,0.7054849768,DEFAULT
9,3,KNN,0.2129165149,0.7281746032,DEFAULT
12,4,KNN,0.1712341409,0.7173141186,DEFAULT
0,0,DT,0.2624290605,0.7446013289,DEFAULT
3,1,DT,0.0922810161,0.6691237542,DEFAULT
6,2,DT,0.2306479519,0.5171405525,DEFAULT
9,3,DT,0.3258561605,0.7093776107,DEFAULT
12,4,DT,0.0685381072,0.6378446115,DEFAULT
0,0,SVMR,0,0.6295681063,DEFAULT
3,1,SVMR,-0.0405505916,0.7387873754,DEFAULT
6,2,SVMR,0,0.7445049405,DEFAULT
9,3,SVMR,0,0.5862573099,DEFAULT
12,4,SVMR,0.0685381072,0.6639515455,DEFAULT
0,0,SVML,0,0.7543604651,DEFAULT
3,1,SVML,0,0.6868770764,DEFAULT
6,2,SVML,0,0.7078039927,DEFAULT
9,3,SVML,0,0.6461988304,DEFAULT
12,4,SVML,0,0.6142439432,DEFAULT
0,0,RF,0.1870446633,0.7821843854,DEFAULT
3,1,RF,0.1904580708,0.7387873754,DEFAULT
6,2,RF,0.0761099607,0.6659608792,DEFAULT
9,3,RF,0.2114741465,0.7445697577,DEFAULT
12,4,RF,0.1379018473,0.6869256475,DEFAULT
0,0,XG,0.2017366462,0.6503322259,DEFAULT
3,1,XG,0.3249452589,0.6616486711,DEFAULT
6,2,XG,0.3050794633,0.6767493446,DEFAULT
9,3,XG,-0.0460046982,0.4746240602,DEFAULT
12,4,XG,0.0918428823,0.7232664996,DEFAULT
0,0,LR,0.3045779004,0.7120016611,ADASYN_over
3,1,LR,0.1760901813,0.6646594684,ADASYN_over
6,2,LR,0.3314139101,0.7697116354,ADASYN_over
9,3,LR,0.433003351,0.8272765246,ADASYN_over
12,4,LR,0.2718122712,0.7165831245,ADASYN_over
0,0,KNN,0.198177207,0.6958056478,ADASYN_over
3,1,KNN,0.1570975471,0.6623754153,ADASYN_over
6,2,KNN,0.2138288105,0.6997378504,ADASYN_over
9,3,KNN,0.1813092451,0.6299081036,ADASYN_over
12,4,KNN,0.2328851004,0.7286967419,ADASYN_over
0,0,DT,0.0986468719,0.5608388704,ADASYN_over
3,1,DT,0.0865768454,0.5384136213,ADASYN_over
6,2,DT,0.3197473292,0.7131478121,ADASYN_over
9,3,DT,0.1265877382,0.5936716792,ADASYN_over
12,4,DT,0.1674721823,0.6507936508,ADASYN_over
0,0,SVMR,0.2877151018,0.7184385382,ADASYN_over
3,1,SVMR,0.2738124559,0.7367109635,ADASYN_over
6,2,SVMR,0.1736549062,0.6632385562,ADASYN_over
9,3,SVMR,0.4468877549,0.8448203843,ADASYN_over
12,4,SVMR,0.3514194948,0.7635756057,ADASYN_over
0,0,SVML,0.3323981786,0.7367109635,ADASYN_over
3,1,SVML,0.3772637073,0.7958887043,ADASYN_over
6,2,SVML,0.3687572444,0.7848356523,ADASYN_over
9,3,SVML,0.2231226066,0.7295321637,ADASYN_over
12,4,SVML,0.4149213051,0.7932330827,ADASYN_over
0,0,RF,0.1868150875,0.6907184385,ADASYN_over
3,1,RF,0.1537041114,0.7181270764,ADASYN_over
6,2,RF,0.3042350796,0.7773744707,ADASYN_over
9,3,RF,0.283421903,0.6697994987,ADASYN_over
12,4,RF,0.2424626011,0.6671888053,ADASYN_over
0,0,XG,0.2562741031,0.7036960133,ADASYN_over
3,1,XG,0.1960695904,0.7470930233,ADASYN_over
6,2,XG,0.1975192471,0.7297842307,ADASYN_over
9,3,XG,0.2978928,0.7063492063,ADASYN_over
12,4,XG,0.0786253936,0.5936716792,ADASYN_over
0,0,LR,0.3077585671,0.7641196013,ADASYN_both
3,1,LR,0.3772637073,0.8098006645,ADASYN_both
6,2,LR,0.3191762171,0.7336156483,ADASYN_both
9,3,LR,0.3514194948,0.7616959064,ADASYN_both
12,4,LR,0.2405718428,0.7550125313,ADASYN_both
0,0,KNN,0.2477307473,0.6775332226,ADASYN_both
3,1,KNN,0.134596918,0.616486711,ADASYN_both
6,2,KNN,0.2491977071,0.7130469853,ADASYN_both
9,3,KNN,0.1592055052,0.6806599833,ADASYN_both
12,4,KNN,0.2638355296,0.7173141186,ADASYN_both
0,0,DT,0.1283238447,0.6023671096,ADASYN_both
3,1,DT,0.0191014175,0.5616694352,ADASYN_both
6,2,DT,0.1349045356,0.6453922162,ADASYN_both
9,3,DT,0.2217029871,0.6472431078,ADASYN_both
12,4,DT,0.1324264538,0.6094402673,ADASYN_both
0,0,SVMR,0.3603874935,0.814576412,ADASYN_both
3,1,SVMR,0.3323981786,0.7466777409,ADASYN_both
6,2,SVMR,0.3473604191,0.7697116354,ADASYN_both
9,3,SVMR,0.292334546,0.6992481203,ADASYN_both
12,4,SVMR,0.2783037696,0.7506265664,ADASYN_both
0,0,SVML,0.4090199117,0.7894518272,ADASYN_both
3,1,SVML,0.4029664641,0.7987956811,ADASYN_both
6,2,SVML,0.3124745322,0.7638636822,ADASYN_both
9,3,SVML,0.3206713153,0.7318295739,ADASYN_both
12,4,SVML,0.3324803295,0.7637844612,ADASYN_both
0,0,RF,0.287269552,0.7531146179,ADASYN_both
3,1,RF,0.420953128,0.7759551495,ADASYN_both
6,2,RF,0.1688845032,0.6732204073,ADASYN_both
9,3,RF,0.1343236869,0.6481829574,ADASYN_both
12,4,RF,0.2334085657,0.6835839599,ADASYN_both
0,0,XG,0.0998337488,0.6686046512,ADASYN_both
3,1,XG,0.1312164401,0.6465946844,ADASYN_both
6,2,XG,0.2269354241,0.6656583989,ADASYN_both
9,3,XG,0.2719454246,0.6238512949,ADASYN_both
12,4,XG,0.2513445895,0.7380952381,ADASYN_both
0,0,LR,0.3521672876,0.7566445183,SMOTE_both
3,1,LR,0.3590362999,0.7319352159,SMOTE_both
6,2,LR,0.3627088969,0.8076225045,SMOTE_both
9,3,LR,0.3829548554,0.790726817,SMOTE_both
12,4,LR,0.314911919,0.727443609,SMOTE_both
0,0,KNN,0.1917099586,0.6573920266,SMOTE_both
3,1,KNN,0.3045779004,0.7389950166,SMOTE_both
6,2,KNN,0.24821257,0.7280701754,SMOTE_both
9,3,KNN,0.1045811778,0.5804093567,SMOTE_both
12,4,KNN,0.2778263236,0.753968254,SMOTE_both
0,0,DT,0.0539355433,0.5468230897,SMOTE_both
3,1,DT,0.1247983032,0.6200166113,SMOTE_both
6,2,DT,0.194639167,0.6389393023,SMOTE_both
9,3,DT,0.1700227436,0.6421261487,SMOTE_both
12,4,DT,0.068151175,0.5384294069,SMOTE_both
0,0,SVMR,0.3709533447,0.7684800664,SMOTE_both
3,1,SVMR,0.4614848499,0.7875830565,SMOTE_both
6,2,SVMR,0.2675460804,0.7237346239,SMOTE_both
9,3,SVMR,0.3608962132,0.7793441938,SMOTE_both
12,4,SVMR,0.3951770469,0.7944862155,SMOTE_both
0,0,SVML,0.2414829009,0.6816860465,SMOTE_both
3,1,SVML,0.3451057176,0.8270348837,SMOTE_both
6,2,SVML,0.4257628598,0.7592256503,SMOTE_both
9,3,SVML,0.4376522419,0.824770259,SMOTE_both
12,4,SVML,0.2783037696,0.7623224728,SMOTE_both
0,0,RF,0.3922913243,0.7653654485,SMOTE_both
3,1,RF,0.2448263315,0.740448505,SMOTE_both
6,2,RF,0.3897385315,0.6872353297,SMOTE_both
9,3,RF,0.1449859797,0.6341896408,SMOTE_both
12,4,RF,0.2556161146,0.7228487886,SMOTE_both
0,0,XG,0.3386293704,0.738372093,SMOTE_both
3,1,XG,0.2793667276,0.7408637874,SMOTE_both
6,2,XG,0.0963649048,0.6348054043,SMOTE_both
9,3,XG,0.2865327934,0.7357978279,SMOTE_both
12,4,XG,0.1848370984,0.6873433584,SMOTE_both
0,0,LR,0.3105985227,0.7281976744,SMOTE_over
3,1,LR,0.3780930669,0.8340946844,SMOTE_over
6,2,LR,0.418656835,0.8096390401,SMOTE_over
9,3,LR,0.3701824978,0.7474937343,SMOTE_over
12,4,LR,0.2367737326,0.6537176274,SMOTE_over
0,0,KNN,0.2275343305,0.7140780731,SMOTE_over
3,1,KNN,0.1710398395,0.6173172757,SMOTE_over
6,2,KNN,0.2676579679,0.7271627344,SMOTE_over
9,3,KNN,0.3389934682,0.7209690894,SMOTE_over
12,4,KNN,0.3483487255,0.7909356725,SMOTE_over
0,0,DT,0.0893558789,0.5784883721,SMOTE_over
3,1,DT,0.1495393995,0.5994601329,SMOTE_over
6,2,DT,0.1132443231,0.593768905,SMOTE_over
9,3,DT,0.0576360747,0.5251670844,SMOTE_over
12,4,DT,0.0537464279,0.5302840434,SMOTE_over
0,0,SVMR,0.2793667276,0.7242524917,SMOTE_over
3,1,SVMR,0.3615858264,0.7134551495,SMOTE_over
6,2,SVMR,0.3627088969,0.7890703771,SMOTE_over
9,3,SVMR,0.3129046834,0.6904761905,SMOTE_over
12,4,SVMR,0.3770512069,0.8040935673,SMOTE_over
0,0,SVML,0.38369468,0.7234219269,SMOTE_over
3,1,SVML,0.3772637073,0.8151993355,SMOTE_over
6,2,SVML,0.3501641994,0.7806009276,SMOTE_over
9,3,SVML,0.3799040461,0.8072263993,SMOTE_over
12,4,SVML,0.2470031209,0.6940267335,SMOTE_over
0,0,RF,0.2726384611,0.7209302326,SMOTE_over
3,1,RF,0.2562741031,0.7120016611,SMOTE_over
6,2,RF,0.2528649239,0.661020367,SMOTE_over
9,3,RF,0.311125499,0.7262949039,SMOTE_over
12,4,RF,0.2127712904,0.6809732665,SMOTE_over
0,0,XG,0.225361118,0.7352574751,SMOTE_over
3,1,XG,0.1746755202,0.6364202658,SMOTE_over
6,2,XG,0.2076510055,0.715466828,SMOTE_over
9,3,XG,0.2813961143,0.7105263158,SMOTE_over
12,4,XG,0.1531336639,0.7063492063,SMOTE_over
0,0,LR,0.3157940741,0.783845515,TADA
3,1,LR,0.3157940741,0.7724252492,TADA
6,2,LR,0.1489523908,0.6547691067,TADA
9,3,LR,0.4209482192,0.831871345,TADA
12,4,LR,0.3389934682,0.7414369256,TADA
0,0,KNN,0.3198519712,0.7514534884,TADA
3,1,KNN,0.2240879079,0.6573920266,TADA
6,2,KNN,0.2118678673,0.6991328897,TADA
9,3,KNN,0.2730727231,0.6983082707,TADA
12,4,KNN,0.2023384322,0.725459482,TADA
0,0,DT,0.099050727,0.5552325581,TADA
3,1,DT,0.2165135047,0.6271802326,TADA
6,2,DT,0.1174946525,0.5794515023,TADA
9,3,DT,0.1772206542,0.6222848789,TADA
12,4,DT,0.1448681328,0.6327276525,TADA
0,0,SVMR,0.4544381156,0.7896594684,TADA
3,1,SVMR,0.2232350489,0.7317275748,TADA
6,2,SVMR,0.4152326685,0.8185117967,TADA
9,3,SVMR,0.2653835867,0.7292188805,TADA
12,4,SVMR,0.2405718428,0.6937134503,TADA
0,0,SVML,0.3713124175,0.7865448505,TADA
3,1,SVML,0.2939726793,0.7446013289,TADA
6,2,SVML,0.5172920692,0.8527929018,TADA
9,3,SVML,0.2770741046,0.6476608187,TADA
12,4,SVML,0.3055736035,0.7962614871,TADA
0,0,RF,0.2387144598,0.747404485,TADA
3,1,RF,0.2396406105,0.6899916944,TADA
6,2,RF,0.1794314278,0.7430933656,TADA
9,3,RF,0.2523882902,0.7089598997,TADA
12,4,RF,0.1348435359,0.7241019215,TADA
0,0,XG,0.2725100818,0.6812707641,TADA
3,1,XG,0.0423694906,0.6762873754,TADA
6,2,XG,0.1786125664,0.7626537608,TADA
9,3,XG,0.1954533664,0.7303675856,TADA
12,4,XG,0.2290585294,0.7343358396,TADA
0,0,LR,0.1873053158,0.7890365449,DEFAULT
3,1,LR,0.1482146788,0.7641196013,DEFAULT
6,2,LR,0.0252267161,0.6811857229,DEFAULT
9,3,LR,0.0643295481,0.7395572264,DEFAULT
12,4,LR,0.0796296238,0.7984544695,DEFAULT
0,0,KNN,0.2903842563,0.6643480066,DEFAULT
3,1,KNN,0.2818995422,0.7236295681,DEFAULT
6,2,KNN,0.1533789563,0.7457148619,DEFAULT
9,3,KNN,0.2676586162,0.7542815372,DEFAULT
12,4,KNN,-0.0558776051,0.5068922306,DEFAULT
0,0,DT,0.1824584653,0.6135797342,DEFAULT
3,1,DT,0.1482146788,0.7003737542,DEFAULT
6,2,DT,0.0539863773,0.6215970962,DEFAULT
9,3,DT,0,0.691833751,DEFAULT
12,4,DT,0.2490009043,0.6599832916,DEFAULT
0,0,SVMR,0,0.6384966777,DEFAULT
3,1,SVMR,0,0.6360049834,DEFAULT
6,2,SVMR,0,0.7315991127,DEFAULT
9,3,SVMR,0,0.6802422723,DEFAULT
12,4,SVMR,0,0.6581035923,DEFAULT
0,0,SVML,0,0.7049418605,DEFAULT
3,1,SVML,0,0.7080564784,DEFAULT
6,2,SVML,0,0.5849969752,DEFAULT
9,3,SVML,0,0.6553884712,DEFAULT
12,4,SVML,0,0.720342523,DEFAULT
0,0,RF,0.0979869536,0.7753322259,DEFAULT
3,1,RF,0.158383688,0.8014950166,DEFAULT
6,2,RF,0.2605558263,0.7320024198,DEFAULT
9,3,RF,0.1053783245,0.6920426065,DEFAULT
12,4,RF,0.2619483947,0.7077067669,DEFAULT
0,0,XG,0,0.5,DEFAULT
3,1,XG,0,0.5,DEFAULT
6,2,XG,-0.0115946413,0.7769711635,DEFAULT
9,3,XG,0.1550841749,0.6988304094,DEFAULT
12,4,XG,0.2127712904,0.7811194653,DEFAULT
0,0,LR,0.2389795317,0.7468853821,ADASYN_over
3,1,LR,0.2091668218,0.6530315615,ADASYN_over
6,2,LR,0.4033838014,0.7975398266,ADASYN_over
9,3,LR,0.3770512069,0.8316624896,ADASYN_over
12,4,LR,0.2752516768,0.6771094403,ADASYN_over
0,0,KNN,0.2427156438,0.6990240864,ADASYN_over
3,1,KNN,0.12226123,0.6196013289,ADASYN_over
6,2,KNN,0.2459405102,0.7141560799,ADASYN_over
9,3,KNN,0.1697998215,0.6430659983,ADASYN_over
12,4,KNN,0.1310195302,0.6242690058,ADASYN_over
0,0,DT,0.0614924049,0.5215946844,ADASYN_over
3,1,DT,0.1976934175,0.6662167774,ADASYN_over
6,2,DT,0.122979742,0.574107683,ADASYN_over
9,3,DT,0.2383574162,0.6703216374,ADASYN_over
12,4,DT,0.1430692018,0.5963868003,ADASYN_over
0,0,SVMR,0.2174703105,0.6860465116,ADASYN_over
3,1,SVMR,0.3187914149,0.7985880399,ADASYN_over
6,2,SVMR,0.2071466914,0.6751361162,ADASYN_over
9,3,SVMR,0.3389934682,0.7804928989,ADASYN_over
12,4,SVMR,0.2621667372,0.7046783626,ADASYN_over
0,0,SVML,0.267854843,0.7032807309,ADASYN_over
3,1,SVML,0.3397333627,0.7792774086,ADASYN_over
6,2,SVML,0.418656835,0.7916918734,ADASYN_over
9,3,SVML,0.216423937,0.7233709273,ADASYN_over
12,4,SVML,0.2718122712,0.7251461988,ADASYN_over
0,0,RF,0.1937059254,0.6681893688,ADASYN_over
3,1,RF,0.1439675904,0.6792981728,ADASYN_over
6,2,RF,0.2737310743,0.7775761242,ADASYN_over
9,3,RF,0.1687552214,0.6633249791,ADASYN_over
12,4,RF,0.179947565,0.7379908104,ADASYN_over
0,0,XG,0.2955799471,0.6515780731,ADASYN_over
3,1,XG,0.0923950081,0.6160714286,ADASYN_over
6,2,XG,0.0793946854,0.6864287155,ADASYN_over
9,3,XG,0.177289535,0.6994569758,ADASYN_over
12,4,XG,0.2523720477,0.7621136174,ADASYN_over
0,0,LR,0.3333135574,0.7641196013,ADASYN_both
3,1,LR,0.207740713,0.6845930233,ADASYN_both
6,2,LR,0.3062410822,0.7402702158,ADASYN_both
9,3,LR,0.3252522901,0.734962406,ADASYN_both
12,4,LR,0.3185255722,0.7255639098,ADASYN_both
0,0,KNN,0.2272975013,0.7259136213,ADASYN_both
3,1,KNN,0.1152604448,0.6205357143,ADASYN_both
6,2,KNN,0.1275410539,0.6428715467,ADASYN_both
9,3,KNN,0.2033477295,0.664160401,ADASYN_both
12,4,KNN,0.2346541209,0.7015455305,ADASYN_both
0,0,DT,0.083208609,0.6213662791,ADASYN_both
3,1,DT,0.0998337488,0.5648878738,ADASYN_both
6,2,DT,0.1289200739,0.6177656786,ADASYN_both
9,3,DT,0.0757641133,0.5963868003,ADASYN_both
12,4,DT,0.0882681139,0.6006683375,ADASYN_both
0,0,SVMR,0.283121884,0.7178156146,ADASYN_both
3,1,SVMR,0.2618795921,0.7099252492,ADASYN_both
6,2,SVMR,0.2629644457,0.7406735229,ADASYN_both
9,3,SVMR,0.4285482525,0.8218462824,ADASYN_both
12,4,SVMR,0.2674694804,0.704887218,ADASYN_both
0,0,SVML,0.3029428507,0.7678571429,ADASYN_both
3,1,SVML,0.3500525485,0.7450166113,ADASYN_both
6,2,SVML,0.2958964572,0.7176850171,ADASYN_both
9,3,SVML,0.3129046834,0.7633667502,ADASYN_both
12,4,SVML,0.2465978346,0.7326649958,ADASYN_both
0,0,RF,0.1788706687,0.7337001661,ADASYN_both
3,1,RF,0.114997004,0.6526162791,ADASYN_both
6,2,RF,0.1915734893,0.7257511595,ADASYN_both
9,3,RF,0.2603496289,0.692251462,ADASYN_both
12,4,RF,0.2495332198,0.6508980785,ADASYN_both
0,0,XG,0.2591390646,0.737333887,ADASYN_both
3,1,XG,0.2931036623,0.7340116279,ADASYN_both
6,2,XG,0.1688845032,0.6827989514,ADASYN_both
9,3,XG,0.2583825924,0.7094820384,ADASYN_both
12,4,XG,0.1780790928,0.6748120301,ADASYN_both
0,0,LR,0.1969103059,0.6656976744,SMOTE_both
3,1,LR,0.1921665535,0.7140780731,SMOTE_both
6,2,LR,0.3509379854,0.7660818713,SMOTE_both
9,3,LR,0.3917004349,0.7449874687,SMOTE_both
12,4,LR,0.3265260018,0.7514619883,SMOTE_both
0,0,KNN,0.2240879079,0.6488787375,SMOTE_both
3,1,KNN,0.1708862351,0.6131644518,SMOTE_both
6,2,KNN,0.2766446938,0.7499495866,SMOTE_both
9,3,KNN,0.1692975547,0.6363826232,SMOTE_both
12,4,KNN,0.2768245226,0.7643065998,SMOTE_both
0,0,DT,0.1082905446,0.5665490033,SMOTE_both
3,1,DT,0.2578691369,0.717192691,SMOTE_both
6,2,DT,0.032598038,0.5195603952,SMOTE_both
9,3,DT,0.2811028284,0.6986215539,SMOTE_both
12,4,DT,0.0131683474,0.5608813701,SMOTE_both
0,0,SVMR,0.3029428507,0.8085548173,SMOTE_both
3,1,SVMR,0.3062290863,0.7441860465,SMOTE_both
6,2,SVMR,0.2206837027,0.599717685,SMOTE_both
9,3,SVMR,0.3389934682,0.7606516291,SMOTE_both
12,4,SVMR,0.3415942527,0.7627401838,SMOTE_both
0,0,SVML,0.2777357722,0.7900747508,SMOTE_both
3,1,SVML,0.2502388901,0.6814784053,SMOTE_both
6,2,SVML,0.2869527313,0.7074006856,SMOTE_both
9,3,SVML,0.3902524714,0.8178780284,SMOTE_both
12,4,SVML,0.2237728788,0.7239974937,SMOTE_both
0,0,RF,0.177662415,0.658326412,SMOTE_both
3,1,RF,0.1533505243,0.6469061462,SMOTE_both
6,2,RF,0.3166692821,0.7733413995,SMOTE_both
9,3,RF,0.311125499,0.7134502924,SMOTE_both
12,4,RF,0.2978928,0.7865497076,SMOTE_both
0,0,XG,0.1520568065,0.5819144518,SMOTE_both
3,1,XG,0.177662415,0.7003737542,SMOTE_both
6,2,XG,0.3523627545,0.8073200242,SMOTE_both
9,3,XG,0.1526289056,0.7040517962,SMOTE_both
12,4,XG,0.2513445895,0.6549707602,SMOTE_both
0,0,LR,0.1867264814,0.6650747508,SMOTE_over
3,1,LR,0.3388550383,0.7593438538,SMOTE_over
6,2,LR,0.3157916331,0.7307924985,SMOTE_over
9,3,LR,0.3447065383,0.7669172932,SMOTE_over
12,4,LR,0.3320224936,0.8324979114,SMOTE_over
0,0,KNN,0.1934703757,0.6906146179,SMOTE_over
3,1,KNN,0.1865796414,0.6841777409,SMOTE_over
6,2,KNN,0.2739918945,0.7078039927,SMOTE_over
9,3,KNN,0.1750229626,0.6720969089,SMOTE_over
12,4,KNN,0.0934852942,0.5977443609,SMOTE_over
0,0,DT,0.1014141558,0.5613579734,SMOTE_over
3,1,DT,0.1457574574,0.583160299,SMOTE_over
6,2,DT,0.1123667704,0.5943738657,SMOTE_over
9,3,DT,0.0032034722,0.5200501253,SMOTE_over
12,4,DT,0.1334431733,0.6507936508,SMOTE_over
0,0,SVMR,0.1441107634,0.685423588,SMOTE_over
3,1,SVMR,0.3709533447,0.8235049834,SMOTE_over
6,2,SVMR,0.2206837027,0.7019560395,SMOTE_over
9,3,SVMR,0.2791469463,0.7144945698,SMOTE_over
12,4,SVMR,0.4060841695,0.7669172932,SMOTE_over
0,0,SVML,0.27394028,0.7230066445,SMOTE_over
3,1,SVML,0.4641596702,0.8158222591,SMOTE_over
6,2,SVML,0.4415891878,0.8146803791,SMOTE_over
9,3,SVML,0.2589975143,0.7205513784,SMOTE_over
12,4,SVML,0.1486772489,0.6783625731,SMOTE_over
0,0,RF,0.2500943646,0.7335963455,SMOTE_over
3,1,RF,0.1170654472,0.6161752492,SMOTE_over
6,2,RF,0.3157916331,0.7127445049,SMOTE_over
9,3,RF,0.1338606082,0.6754385965,SMOTE_over
12,4,RF,0.2826623797,0.7826858814,SMOTE_over
0,0,XG,0.3355481728,0.7842607973,SMOTE_over
3,1,XG,0.2017366462,0.7051495017,SMOTE_over
6,2,XG,0.1093157699,0.6630369026,SMOTE_over
9,3,XG,0.2446280075,0.6812865497,SMOTE_over
12,4,XG,0.1902826368,0.6936090226,SMOTE_over
0,0,LR,0.3045779004,0.7190614618,TADA
3,1,LR,0.3129161449,0.7456395349,TADA
6,2,LR,0.2353697629,0.6670699738,TADA
9,3,LR,0.2346541209,0.7416457811,TADA
12,4,LR,0.3185255722,0.7967836257,TADA
0,0,KNN,0.1549702771,0.6184593023,TADA
3,1,KNN,0.2929995208,0.7485465116,TADA
6,2,KNN,0.2318259678,0.6840088728,TADA
9,3,KNN,0.2110012195,0.6587301587,TADA
12,4,KNN,0.2609770113,0.7823725982,TADA
0,0,DT,0.122207305,0.5870016611,TADA
3,1,DT,0.1045247089,0.552429402,TADA
6,2,DT,0.149105013,0.6240169389,TADA
9,3,DT,0.1869188872,0.660192147,TADA
12,4,DT,0.0982530619,0.5519005848,TADA
0,0,SVMR,0.2819950944,0.7344269103,TADA
3,1,SVMR,0.3410329869,0.720307309,TADA
6,2,SVMR,0.3349399921,0.7118370639,TADA
9,3,SVMR,0.3019799466,0.7550125313,TADA
12,4,SVMR,0.2473638533,0.7307852966,TADA
0,0,SVML,0.2267945688,0.7429401993,TADA
3,1,SVML,0.345442543,0.7586171096,TADA
6,2,SVML,0.3267098486,0.7584190361,TADA
9,3,SVML,0.3219489586,0.7178362573,TADA
12,4,SVML,0.3729791423,0.8151629073,TADA
0,0,RF,0.1586548164,0.707641196,TADA
3,1,RF,0.2903842563,0.70660299,TADA
6,2,RF,0.2113094721,0.7647711232,TADA
9,3,RF,0.2815667603,0.720342523,TADA
12,4,RF,0.1747014381,0.7046783626,TADA
0,0,XG,0.2021699722,0.7481312292,TADA
3,1,XG,0.0384695898,0.6492940199,TADA
6,2,XG,0.4025456976,0.7592256503,TADA
9,3,XG,0.1518488598,0.7241019215,TADA
12,4,XG,0.1607805643,0.7069757728,TADA
0,0,LR,0.0687576476,0.6949750831,DEFAULT
3,1,LR,0.2443264917,0.717192691,DEFAULT
6,2,LR,0.1333383746,0.7045775358,DEFAULT
9,3,LR,0.1041144132,0.7249373434,DEFAULT
12,4,LR,0.1871388318,0.7042606516,DEFAULT
0,0,KNN,0.1870446633,0.6208471761,DEFAULT
3,1,KNN,0.0687576476,0.6554194352,DEFAULT
6,2,KNN,0.149803092,0.680681589,DEFAULT
9,3,KNN,0.3313990768,0.7098997494,DEFAULT
12,4,KNN,0.2596651628,0.7418546366,DEFAULT
0,0,DT,0.1274238641,0.6863579734,DEFAULT
3,1,DT,0.3227965179,0.7154277409,DEFAULT
6,2,DT,0.2178339242,0.6966122202,DEFAULT
9,3,DT,0.1715306482,0.6563283208,DEFAULT
12,4,DT,0.0976779386,0.6777360067,DEFAULT
0,0,SVMR,0,0.6231312292,DEFAULT
3,1,SVMR,0,0.5982142857,DEFAULT
6,2,SVMR,0,0.2817100222,DEFAULT
9,3,SVMR,0.1756250433,0.6017126149,DEFAULT
12,4,SVMR,-0.028757317,0.6697994987,DEFAULT
0,0,SVML,0,0.5153654485,DEFAULT
3,1,SVML,0,0.595307309,DEFAULT
6,2,SVML,0,0.6614236741,DEFAULT
9,3,SVML,0,0.5394736842,DEFAULT
12,4,SVML,0,0.6466165414,DEFAULT
0,0,RF,0.3989888053,0.6586378738,DEFAULT
3,1,RF,0.2367914544,0.6953903654,DEFAULT
6,2,RF,0.1846093838,0.7255495059,DEFAULT
9,3,RF,0.1821905897,0.6996658312,DEFAULT
12,4,RF,0.1147240347,0.6673976608,DEFAULT
0,0,XG,0.0204390389,0.48785299,DEFAULT
3,1,XG,0.1719029399,0.7572674419,DEFAULT
6,2,XG,0.1127243396,0.6631377294,DEFAULT
9,3,XG,0.0235467156,0.5398913952,DEFAULT
12,4,XG,0,0.5,DEFAULT
0,0,LR,0.3081528808,0.7508305648,ADASYN_over
3,1,LR,0.2427156438,0.7007890365,ADASYN_over
6,2,LR,0.3386351976,0.7491429724,ADASYN_over
9,3,LR,0.3447065383,0.7903091061,ADASYN_over
12,4,LR,0.2821393223,0.6934001671,ADASYN_over
0,0,KNN,0.1821808435,0.655730897,ADASYN_over
3,1,KNN,0.1249687107,0.602263289,ADASYN_over
6,2,KNN,0.1132443231,0.6194797338,ADASYN_over
9,3,KNN,0.2416445959,0.6917293233,ADASYN_over
12,4,KNN,0.1303120504,0.6408730159,ADASYN_over
0,0,DT,0.103440224,0.572051495,ADASYN_over
3,1,DT,0.1813690118,0.6322674419,ADASYN_over
6,2,DT,0.2008294817,0.6245210728,ADASYN_over
9,3,DT,0.0313239081,0.5888680033,ADASYN_over
12,4,DT,0.1211620366,0.5788429407,ADASYN_over
0,0,SVMR,0.3393559559,0.7678571429,ADASYN_over
3,1,SVMR,0.2995012465,0.7159468439,ADASYN_over
6,2,SVMR,0.3020366616,0.7650736035,ADASYN_over
9,3,SVMR,0.1897422476,0.6835839599,ADASYN_over
12,4,SVMR,0.1755700822,0.7138680033,ADASYN_over
0,0,SVML,0.345442543,0.7049418605,ADASYN_over
3,1,SVML,0.371923656,0.7925664452,ADASYN_over
6,2,SVML,0.3696109938,0.74107683,ADASYN_over
9,3,SVML,0.2987030401,0.7944862155,ADASYN_over
12,4,SVML,0.1856972636,0.6909983292,ADASYN_over
0,0,RF,0.2840201633,0.6917566445,ADASYN_over
3,1,RF,0.4309557888,0.7413828904,ADASYN_over
6,2,RF,0.1878546589,0.6041540633,ADASYN_over
9,3,RF,0.2246882172,0.5946115288,ADASYN_over
12,4,RF,0.177289535,0.5888680033,ADASYN_over
0,0,XG,0.2201163618,0.6943521595,ADASYN_over
3,1,XG,0.177662415,0.6862541528,ADASYN_over
6,2,XG,0.2129887175,0.6267392619,ADASYN_over
9,3,XG,0.1082443532,0.5639097744,ADASYN_over
12,4,XG,0.2002805853,0.6589390142,ADASYN_over
0,0,LR,0.2598550016,0.7273671096,ADASYN_both
3,1,LR,0.4212689971,0.8380398671,ADASYN_both
6,2,LR,0.3263384795,0.7255495059,ADASYN_both
9,3,LR,0.2270572443,0.6278195489,ADASYN_both
12,4,LR,0.2874068386,0.768588137,ADASYN_both
0,0,KNN,0.0861542719,0.5681063123,ADASYN_both
3,1,KNN,0.2434224649,0.6802325581,ADASYN_both
6,2,KNN,0.2098719357,0.684815487,ADASYN_both
9,3,KNN,0.113761734,0.6405597327,ADASYN_both
12,4,KNN,0.1808587302,0.6986215539,ADASYN_both
0,0,DT,0.1710398395,0.6218853821,ADASYN_both
3,1,DT,0.169165148,0.6453488372,ADASYN_both
6,2,DT,0.1007303537,0.6376285541,ADASYN_both
9,3,DT,0.1284940552,0.5656850459,ADASYN_both
12,4,DT,0.1545441045,0.6243734336,ADASYN_both
0,0,SVMR,0.4150071637,0.7823920266,ADASYN_both
3,1,SVMR,0.3586733066,0.7674418605,ADASYN_both
6,2,SVMR,0.2654544348,0.7051824965,ADASYN_both
9,3,SVMR,0.3447065383,0.7773600668,ADASYN_both
12,4,SVMR,0.1906333431,0.6501670844,ADASYN_both
0,0,SVML,0.3305272366,0.7589285714,ADASYN_both
3,1,SVML,0.2618795921,0.7495847176,ADASYN_both
6,2,SVML,0.3411138322,0.8094373866,ADASYN_both
9,3,SVML,0.3773719028,0.7762113617,ADASYN_both
12,4,SVML,0.1700227436,0.645154553,ADASYN_both
0,0,RF,0.2313346019,0.6476328904,ADASYN_both
3,1,RF,0.1129951232,0.6312292359,ADASYN_both
6,2,RF,0.2506048438,0.6847146602,ADASYN_both
9,3,RF,0.2446280075,0.6466165414,ADASYN_both
12,4,RF,0.2078599006,0.6929824561,ADASYN_both
0,0,XG,0.3002160477,0.7124169435,ADASYN_both
3,1,XG,0.1351715425,0.6090116279,ADASYN_both
6,2,XG,0.2318259678,0.6809840694,ADASYN_both
9,3,XG,0.3379661524,0.7443609023,ADASYN_both
12,4,XG,0.0726337733,0.6313700919,ADASYN_both
0,0,LR,0.1387077043,0.6368355482,SMOTE_both
3,1,LR,0.3521672876,0.7707641196,SMOTE_both
6,2,LR,0.3875183572,0.8421052632,SMOTE_both
9,3,LR,0.3252522901,0.7598162072,SMOTE_both
12,4,LR,0.2226507398,0.7032163743,SMOTE_both
0,0,KNN,0.1181742342,0.6131644518,SMOTE_both
3,1,KNN,0.1888105396,0.6928986711,SMOTE_both
6,2,KNN,0.1796608278,0.6757410768,SMOTE_both
9,3,KNN,0.2033477295,0.6950710109,SMOTE_both
12,4,KNN,0.2752516768,0.7591896408,SMOTE_both
0,0,DT,0.0188668051,0.5478612957,SMOTE_both
3,1,DT,0.1116533843,0.6262458472,SMOTE_both
6,2,DT,0.2375289497,0.69348659,SMOTE_both
9,3,DT,0.018087877,0.5161862991,SMOTE_both
12,4,DT,0.0706306629,0.5550334169,SMOTE_both
0,0,SVMR,0.4090199117,0.7811461794,SMOTE_both
3,1,SVMR,0.3590362999,0.7720099668,SMOTE_both
6,2,SVMR,0.2045703901,0.6977213148,SMOTE_both
9,3,SVMR,0.2994645447,0.751566416,SMOTE_both
12,4,SVMR,0.1654252263,0.6628028404,SMOTE_both
0,0,SVML,0.2453657347,0.7390988372,SMOTE_both
3,1,SVML,0.3881130234,0.7618355482,SMOTE_both
6,2,SVML,0.4592184487,0.7959265981,SMOTE_both
9,3,SVML,0.2653835867,0.7302631579,SMOTE_both
12,4,SVML,0.2858597384,0.7170008354,SMOTE_both
0,0,RF,0.2622842472,0.7128322259,SMOTE_both
3,1,RF,0.2340613265,0.6455564784,SMOTE_both
6,2,RF,0.1849272053,0.6105061504,SMOTE_both
9,3,RF,0.3922643834,0.7443609023,SMOTE_both
12,4,RF,0.238677345,0.6943400167,SMOTE_both
0,0,XG,0.2902009604,0.7365033223,SMOTE_both
3,1,XG,0.2235423653,0.6808554817,SMOTE_both
6,2,XG,0.2377709916,0.6281508369,SMOTE_both
9,3,XG,0.3099160301,0.7380952381,SMOTE_both
12,4,XG,0.0855335249,0.6388888889,SMOTE_both
0,0,LR,0.2801414952,0.7095099668,SMOTE_over
3,1,LR,0.2662233303,0.7205149502,SMOTE_over
6,2,LR,0.3639235886,0.7638636822,SMOTE_over
9,3,LR,0.2856316496,0.7525062657,SMOTE_over
12,4,LR,0.2994645447,0.7036340852,SMOTE_over
0,0,KNN,0.1523748334,0.6314368771,SMOTE_over
3,1,KNN,0.0966754136,0.5940614618,SMOTE_over
6,2,KNN,0.0405812444,0.5899374874,SMOTE_over
9,3,KNN,0.0741102344,0.5944026734,SMOTE_over
12,4,KNN,0.2527726311,0.6840016708,SMOTE_over
0,0,DT,0.3805865564,0.7667151163,SMOTE_over
3,1,DT,0.150750678,0.6063122924,SMOTE_over
6,2,DT,0.2091379901,0.6438798145,SMOTE_over
9,3,DT,0.2371022285,0.6830618212,SMOTE_over
12,4,DT,-0.0645754412,0.5142021721,SMOTE_over
0,0,SVMR,0.3713124175,0.76910299,SMOTE_over
3,1,SVMR,0.2820971321,0.6679817276,SMOTE_over
6,2,SVMR,0.2882043572,0.6950998185,SMOTE_over
9,3,SVMR,0.1492679093,0.6804511278,SMOTE_over
12,4,SVMR,0.3266153796,0.7608604845,SMOTE_over
0,0,SVML,0.2864644354,0.7427325581,SMOTE_over
3,1,SVML,0.3735707984,0.740448505,SMOTE_over
6,2,SVML,0.307320355,0.7624521073,SMOTE_over
9,3,SVML,0.2465978346,0.7157477026,SMOTE_over
12,4,SVML,0.4204153584,0.780075188,SMOTE_over
0,0,RF,0.1641410229,0.6503322259,SMOTE_over
3,1,RF,0.2088593041,0.7120016611,SMOTE_over
6,2,RF,0.2737310743,0.6654567453,SMOTE_over
9,3,RF,0.1701314075,0.6182121972,SMOTE_over
12,4,RF,0.2616929261,0.7355889724,SMOTE_over
0,0,XG,0.1059117622,0.5982142857,SMOTE_over
3,1,XG,0.3071820124,0.7904900332,SMOTE_over
6,2,XG,0.1027553784,0.6241177657,SMOTE_over
9,3,XG,0.1271929825,0.6121553885,SMOTE_over
12,4,XG,0.2382495616,0.6537176274,SMOTE_over
0,0,LR,0.2158296673,0.6976744186,TADA
3,1,LR,0.2227309875,0.7147009967,TADA
6,2,LR,0.2129887175,0.7168784029,TADA
9,3,LR,0.2346541209,0.7608604845,TADA
12,4,LR,0.2811028284,0.7447786132,TADA
0,0,KNN,0.2184826857,0.7250830565,TADA
3,1,KNN,0.074224836,0.5823297342,TADA
6,2,KNN,0.2045703901,0.6682798951,TADA
9,3,KNN,0.2011450575,0.6545530493,TADA
12,4,KNN,0.0740358025,0.6090225564,TADA
0,0,DT,0.0236530268,0.5157807309,TADA
3,1,DT,0.2159807659,0.6553156146,TADA
6,2,DT,0.1375297852,0.5931639443,TADA
9,3,DT,0.028174526,0.5084586466,TADA
12,4,DT,0.2583825924,0.6433792815,TADA
0,0,SVMR,0.3105985227,0.8237126246,TADA
3,1,SVMR,0.267854843,0.7302740864,TADA
6,2,SVMR,0.2944824644,0.738354507,TADA
9,3,SVMR,0.3446783857,0.7316207185,TADA
12,4,SVMR,0.2527726311,0.6906850459,TADA
0,0,SVML,0.2296625846,0.7461586379,TADA
3,1,SVML,0.3018688822,0.7120016611,TADA
6,2,SVML,0.3297762507,0.734220609,TADA
9,3,SVML,0.2813961143,0.7197159566,TADA
12,4,SVML,0.4149213051,0.8141186299,TADA
0,0,RF,0.1056715766,0.65625,TADA
3,1,RF,0.1858751779,0.6822051495,TADA
6,2,RF,0.1799999374,0.7564025005,TADA
9,3,RF,0.2183254676,0.7123015873,TADA
12,4,RF,0.261757293,0.6117376775,TADA
0,0,XG,0.3938667854,0.8066860465,TADA
3,1,XG,0.1248724092,0.6247923588,TADA
6,2,XG,0.1275316327,0.6854204477,TADA
9,3,XG,0.2939095475,0.7554302423,TADA
12,4,XG,0.1526289056,0.6167502089,TADA
0,0,LR,-0.0709560698,0.6096345515,DEFAULT
3,1,LR,0.2133633737,0.7003737542,DEFAULT
6,2,LR,0.2531100828,0.7858439201,DEFAULT
9,3,LR,0.2509674318,0.7226399332,DEFAULT
12,4,LR,0.0450189001,0.7798663325,DEFAULT
0,0,KNN,0.1719029399,0.7024501661,DEFAULT
3,1,KNN,0.3045779004,0.6697466777,DEFAULT
6,2,KNN,0.1949310373,0.636317806,DEFAULT
9,3,KNN,0.1379018473,0.6422305764,DEFAULT
12,4,KNN,0.0796296238,0.5859440267,DEFAULT
0,0,DT,0.1554871914,0.6362126246,DEFAULT
3,1,DT,0.2622842472,0.6918604651,DEFAULT
6,2,DT,0.0905614861,0.5694696511,DEFAULT
9,3,DT,0.2277442471,0.7208646617,DEFAULT
12,4,DT,0.2260345218,0.6896407686,DEFAULT
0,0,SVMR,-0.0286014634,0.6316445183,DEFAULT
3,1,SVMR,0,0.6262458472,DEFAULT
6,2,SVMR,0,0.7201048599,DEFAULT
9,3,SVMR,0,0.6783625731,DEFAULT
12,4,SVMR,0,0.5854218881,DEFAULT
0,0,SVML,0,0.5948920266,DEFAULT
3,1,SVML,0,0.6686046512,DEFAULT
6,2,SVML,0,0.5561605162,DEFAULT
9,3,SVML,0,0.5751879699,DEFAULT
12,4,SVML,0,0.6990392648,DEFAULT
0,0,RF,0.1824584653,0.7218646179,DEFAULT
3,1,RF,0.1719029399,0.7024501661,DEFAULT
6,2,RF,0.1926246477,0.6870336761,DEFAULT
9,3,RF,0.1581744135,0.7550125313,DEFAULT
12,4,RF,0.1712341409,0.6579991646,DEFAULT
0,0,XG,0.2530908632,0.7073297342,DEFAULT
3,1,XG,0,0.5,DEFAULT
6,2,XG,0.0193519887,0.6597096189,DEFAULT
9,3,XG,0,0.5,DEFAULT
12,4,XG,0.0915766512,0.5787385129,DEFAULT
0,0,LR,0.1813690118,0.7184385382,ADASYN_over
3,1,LR,0.1821808435,0.6887458472,ADASYN_over
6,2,LR,0.3062608957,0.7376487195,ADASYN_over
9,3,LR,0.2931146507,0.7105263158,ADASYN_over
12,4,LR,0.2174991185,0.6372180451,ADASYN_over
0,0,KNN,0.041126836,0.625,ADASYN_over
3,1,KNN,0.0189284575,0.5452657807,ADASYN_over
6,2,KNN,0.2145008634,0.6927808026,ADASYN_over
9,3,KNN,-0.0769088244,0.4726399332,ADASYN_over
12,4,KNN,0.185282981,0.653091061,ADASYN_over
0,0,DT,0.0191014175,0.4869186047,ADASYN_over
3,1,DT,0.1821899234,0.6518895349,ADASYN_over
6,2,DT,0.2089587045,0.678866707,ADASYN_over
9,3,DT,0.2380059093,0.6473475355,ADASYN_over
12,4,DT,0.0706306629,0.5701754386,ADASYN_over
0,0,SVMR,0.2118868417,0.740448505,ADASYN_over
3,1,SVMR,0.1656003303,0.6734842193,ADASYN_over
6,2,SVMR,0.1099075854,0.6368219399,ADASYN_over
9,3,SVMR,0.3068952838,0.7025898079,ADASYN_over
12,4,SVMR,0.2383574162,0.7003968254,ADASYN_over
0,0,SVML,0.3468466135,0.7462624585,ADASYN_over
3,1,SVML,0.287269552,0.7886212625,ADASYN_over
6,2,SVML,0.4121401639,0.8291994354,ADASYN_over
9,3,SVML,0.334011469,0.7552213868,ADASYN_over
12,4,SVML,0.0786807558,0.5741436926,ADASYN_over
0,0,RF,0.1868150875,0.6426495017,ADASYN_over
3,1,RF,0.3062428087,0.6896802326,ADASYN_over
6,2,RF,0.0664224017,0.586005243,ADASYN_over
9,3,RF,0.314820801,0.6994569758,ADASYN_over
12,4,RF,0.1954533664,0.6875522139,ADASYN_over
0,0,XG,0.2524916944,0.697051495,ADASYN_over
3,1,XG,0.2610494736,0.7022425249,ADASYN_over
6,2,XG,0.1995133904,0.6323855616,ADASYN_over
9,3,XG,0.0350906022,0.561299081,ADASYN_over
12,4,XG,0.1852632866,0.6668755221,ADASYN_over
0,0,LR,0.3134347195,0.7419019934,ADASYN_both
3,1,LR,0.3081528808,0.7830149502,ADASYN_both
6,2,LR,0.2006874899,0.6356120186,ADASYN_both
9,3,LR,0.2446280075,0.7303675856,ADASYN_both
12,4,LR,0.3142608795,0.7807017544,ADASYN_both
0,0,KNN,0.2280231719,0.6867732558,ADASYN_both
3,1,KNN,0.1041763561,0.6227159468,ADASYN_both
6,2,KNN,0.1809440328,0.6051623311,ADASYN_both
9,3,KNN,0.1545441045,0.6259398496,ADASYN_both
12,4,KNN,0.1343803027,0.6246867168,ADASYN_both
0,0,DT,0.0565044529,0.6040282392,ADASYN_both
3,1,DT,0.144645506,0.6299833887,ADASYN_both
6,2,DT,0.1132443231,0.5938697318,ADASYN_both
9,3,DT,0.1704237465,0.6326232247,ADASYN_both
12,4,DT,0.1464463654,0.6407685881,ADASYN_both
0,0,SVMR,0.3878627186,0.8235049834,ADASYN_both
3,1,SVMR,0.2234449785,0.6831395349,ADASYN_both
6,2,SVMR,0.2318259678,0.7114337568,ADASYN_both
9,3,SVMR,0.2011450575,0.6688596491,ADASYN_both
12,4,SVMR,0.2567994714,0.7061403509,ADASYN_both
0,0,SVML,0.2483609796,0.7207225914,ADASYN_both
3,1,SVML,0.2312008643,0.697051495,ADASYN_both
6,2,SVML,0.307622047,0.7148618673,ADASYN_both
9,3,SVML,0.2653835867,0.7135547201,ADASYN_both
12,4,SVML,0.4294578805,0.8015873016,ADASYN_both
0,0,RF,0.2948331506,0.6428571429,ADASYN_both
3,1,RF,0.2777357722,0.6808554817,ADASYN_both
6,2,RF,0.2556085937,0.6723129663,ADASYN_both
9,3,RF,0.1612768476,0.6582080201,ADASYN_both
12,4,RF,0.1449859797,0.6409774436,ADASYN_both
0,0,XG,0.1722119807,0.6515780731,ADASYN_both
3,1,XG,0.2235423653,0.6382890365,ADASYN_both
6,2,XG,0.19872659,0.6206896552,ADASYN_both
9,3,XG,0.1674721823,0.6503759398,ADASYN_both
12,4,XG,0.1618838257,0.6746031746,ADASYN_both
0,0,LR,0.3580255993,0.7834302326,SMOTE_both
3,1,LR,0.3297422985,0.7894518272,SMOTE_both
6,2,LR,0.2903007525,0.7334139948,SMOTE_both
9,3,LR,0.1856972636,0.6349206349,SMOTE_both
12,4,LR,0.2719454246,0.6990392648,SMOTE_both
0,0,KNN,0.0817561556,0.6211586379,SMOTE_both
3,1,KNN,0.1411862416,0.625,SMOTE_both
6,2,KNN,0.1384105342,0.6713046985,SMOTE_both
9,3,KNN,0.1417966106,0.6319966583,SMOTE_both
12,4,KNN,0.171783354,0.6410818713,SMOTE_both
0,0,DT,0.0945469398,0.6117109635,SMOTE_both
3,1,DT,0.1384852772,0.60589701,SMOTE_both
6,2,DT,0.1527883947,0.6506352087,SMOTE_both
9,3,DT,0.0882681139,0.6597744361,SMOTE_both
12,4,DT,0.1187706725,0.602443609,SMOTE_both
0,0,SVMR,0.1821808435,0.700166113,SMOTE_both
3,1,SVMR,0.2414829009,0.7134551495,SMOTE_both
6,2,SVMR,0.240911649,0.6771526517,SMOTE_both
9,3,SVMR,0.2006953276,0.7395572264,SMOTE_both
12,4,SVMR,0.3068952838,0.7360066834,SMOTE_both
0,0,SVML,0.2939726793,0.6976744186,SMOTE_both
3,1,SVML,0.345442543,0.7742940199,SMOTE_both
6,2,SVML,0.2850894367,0.7057874571,SMOTE_both
9,3,SVML,0.2978928,0.7207602339,SMOTE_both
12,4,SVML,0.3639168753,0.7892648287,SMOTE_both
0,0,RF,0.2109634551,0.6767026578,SMOTE_both
3,1,RF,0.1533505243,0.6243770764,SMOTE_both
6,2,RF,0.2463544589,0.6646501311,SMOTE_both
9,3,RF,0.1350878395,0.5843776107,SMOTE_both
12,4,RF,0.2895185251,0.7537593985,SMOTE_both
0,0,XG,0.265708456,0.6941445183,SMOTE_both
3,1,XG,0.1779484764,0.66839701,SMOTE_both
6,2,XG,0.240911649,0.6991328897,SMOTE_both
9,3,XG,0.1612768476,0.6370091896,SMOTE_both
12,4,XG,0.1930187356,0.6837928154,SMOTE_both
0,0,LR,0.2234449785,0.6733803987,SMOTE_over
3,1,LR,0.3732376392,0.7871677741,SMOTE_over
6,2,LR,0.3015778723,0.736035491,SMOTE_over
9,3,LR,0.3068952838,0.7301587302,SMOTE_over
12,4,LR,0.2649176204,0.7084377611,SMOTE_over
0,0,KNN,0.2728292472,0.7158430233,SMOTE_over
3,1,KNN,0.1715773083,0.7037998339,SMOTE_over
6,2,KNN,0.2387998386,0.647307925,SMOTE_over
9,3,KNN,0.0525992461,0.6373224728,SMOTE_over
12,4,KNN,0.1284940552,0.5626566416,SMOTE_over
0,0,DT,-0.0288136777,0.585755814,SMOTE_over
3,1,DT,0.1045247089,0.5930232558,SMOTE_over
6,2,DT,-0.0319199176,0.4621899577,SMOTE_over
9,3,DT,0.1272232573,0.6018170426,SMOTE_over
12,4,DT,0.1211620366,0.5864661654,SMOTE_over
0,0,SVMR,0.2727182377,0.7431478405,SMOTE_over
3,1,SVMR,0.3149771429,0.7483388704,SMOTE_over
6,2,SVMR,0.24734187,0.6854204477,SMOTE_over
9,3,SVMR,0.2371210105,0.7096908939,SMOTE_over
12,4,SVMR,0.3705753641,0.8036758563,SMOTE_over
0,0,SVML,0.1561393341,0.6702657807,SMOTE_over
3,1,SVML,0.4614848499,0.851744186,SMOTE_over
6,2,SVML,0.3349399921,0.7719298246,SMOTE_over
9,3,SVML,0.294114445,0.7305764411,SMOTE_over
12,4,SVML,0.2856316496,0.6697994987,SMOTE_over
0,0,RF,0.1465976254,0.6279069767,SMOTE_over
3,1,RF,0.1255685853,0.5985257475,SMOTE_over
6,2,RF,0.2521635469,0.6772534785,SMOTE_over
9,3,RF,0.2518796992,0.7047827903,SMOTE_over
12,4,RF,0.2826623797,0.7455096074,SMOTE_over
0,0,XG,0.1279069767,0.626038206,SMOTE_over
3,1,XG,0.186035257,0.6881229236,SMOTE_over
6,2,XG,0.1301495254,0.5781407542,SMOTE_over
9,3,XG,0.21533321,0.6769005848,SMOTE_over
12,4,XG,0.2371022285,0.7065580618,SMOTE_over
0,0,LR,0.2129664006,0.6958056478,TADA
3,1,LR,0.4202033598,0.7460548173,TADA
6,2,LR,0.3001189233,0.7527727364,TADA
9,3,LR,0.2465978346,0.6510025063,TADA
12,4,LR,0.3447065383,0.742481203,TADA
0,0,KNN,0.0597016641,0.5785921927,TADA
3,1,KNN,0.1458711283,0.591154485,TADA
6,2,KNN,0.1286038262,0.6089937487,TADA
9,3,KNN,0.1321057728,0.6520467836,TADA
12,4,KNN,0.0879553351,0.6110066834,TADA
0,0,DT,0.1855446661,0.5917774086,TADA
3,1,DT,0.1168888756,0.5812915282,TADA
6,2,DT,0.149105013,0.5927606372,TADA
9,3,DT,0.1434400889,0.5765455305,TADA
12,4,DT,0.1869188872,0.6089181287,TADA
0,0,SVMR,0.2560092623,0.7481312292,TADA
3,1,SVMR,0.2861568877,0.7142857143,TADA
6,2,SVMR,0.2556085937,0.7041742287,TADA
9,3,SVMR,0.0780674412,0.6257309942,TADA
12,4,SVMR,0.3099160301,0.716374269,TADA
0,0,SVML,0.2326368486,0.6852159468,TADA
3,1,SVML,0.2500943646,0.7281976744,TADA
6,2,SVML,0.3853365249,0.8221415608,TADA
9,3,SVML,0.2858597384,0.7067669173,TADA
12,4,SVML,0.2865327934,0.7328738513,TADA
0,0,RF,0.3186922552,0.7040074751,TADA
3,1,RF,0.2528277888,0.7110672757,TADA
6,2,RF,0.0753414439,0.5866102037,TADA
9,3,RF,0.2676586162,0.7442564745,TADA
12,4,RF,0.1854488481,0.6377401838,TADA
0,0,XG,0.1868150875,0.6617524917,TADA
3,1,XG,0.0804000294,0.7151162791,TADA
6,2,XG,0.1975192471,0.6918733616,TADA
9,3,XG,0.1432438235,0.6149749373,TADA
12,4,XG,0.2260345218,0.6676065163,TADA
0,0,LR,0.0135154419,0.7884136213,DEFAULT
3,1,LR,0.2380194552,0.675872093,DEFAULT
6,2,LR,0.0761099607,0.6836055656,DEFAULT
9,3,LR,0.1580766295,0.7775689223,DEFAULT
12,4,LR,-0.0500626174,0.7729741019,DEFAULT
0,0,KNN,0.2117793624,0.6958056478,DEFAULT
3,1,KNN,0.1719029399,0.6875,DEFAULT
6,2,KNN,0.1351362406,0.5209719702,DEFAULT
9,3,KNN,0.1580766295,0.7043650794,DEFAULT
12,4,KNN,0.261757293,0.7459273183,DEFAULT
0,0,DT,0.3514014887,0.6513704319,DEFAULT
3,1,DT,0.1353748668,0.6015365449,DEFAULT
6,2,DT,0.2449683019,0.6100020165,DEFAULT
9,3,DT,0.261757293,0.7136591479,DEFAULT
12,4,DT,0.1053783245,0.6500626566,DEFAULT
0,0,SVMR,0,0.6499169435,DEFAULT
3,1,SVMR,0,0.6941445183,DEFAULT
6,2,SVMR,0,0.671103045,DEFAULT
9,3,SVMR,0,0.8210108605,DEFAULT
12,4,SVMR,0,0.6758563074,DEFAULT
0,0,SVML,0,0.6835548173,DEFAULT
3,1,SVML,0,0.6387043189,DEFAULT
6,2,SVML,0,0.6809840694,DEFAULT
9,3,SVML,0,0.7215956558,DEFAULT
12,4,SVML,0,0.6169590643,DEFAULT
0,0,RF,0.0922810161,0.7243563123,DEFAULT
3,1,RF,0.2014444435,0.8116694352,DEFAULT
6,2,RF,0.2058048825,0.6267392619,DEFAULT
9,3,RF,0.2676586162,0.7502088555,DEFAULT
12,4,RF,0.0976779386,0.7305764411,DEFAULT
0,0,XG,0.1344770788,0.6897840532,DEFAULT
3,1,XG,0,0.5,DEFAULT
6,2,XG,0.0608718667,0.6900584795,DEFAULT
9,3,XG,0,0.5,DEFAULT
12,4,XG,-0.0897100748,0.5021929825,DEFAULT
0,0,LR,0.3001265108,0.7491694352,ADASYN_over
3,1,LR,0.2939726793,0.7140780731,ADASYN_over
6,2,LR,0.3314139101,0.7447065941,ADASYN_over
9,3,LR,0.2569358951,0.7391395155,ADASYN_over
12,4,LR,0.2017700973,0.7063492063,ADASYN_over
0,0,KNN,0.0403745808,0.5818106312,ADASYN_over
3,1,KNN,0.1315577063,0.5997715947,ADASYN_over
6,2,KNN,0.1940731915,0.6228070175,ADASYN_over
9,3,KNN,0.2416445959,0.694235589,ADASYN_over
12,4,KNN,0.2519121812,0.6612364244,ADASYN_over
0,0,DT,0.0998337488,0.5755813953,ADASYN_over
3,1,DT,-0.0216146407,0.4901370432,ADASYN_over
6,2,DT,0.1193409613,0.6043557169,ADASYN_over
9,3,DT,0.0266879888,0.5153508772,ADASYN_over
12,4,DT,0.1712667149,0.5961779449,ADASYN_over
0,0,SVMR,0.3260657666,0.7301702658,ADASYN_over
3,1,SVMR,0.2071615184,0.7003737542,ADASYN_over
6,2,SVMR,0.3473604191,0.809235733,ADASYN_over
9,3,SVMR,0.2317568407,0.7009189641,ADASYN_over
12,4,SVMR,0.2987030401,0.7170008354,ADASYN_over
0,0,SVML,0.3902519411,0.7783430233,ADASYN_over
3,1,SVML,0.3026049693,0.7423172757,ADASYN_over
6,2,SVML,0.3395246288,0.7812058883,ADASYN_over
9,3,SVML,0.3380744838,0.7332915622,ADASYN_over
12,4,SVML,0.2258950702,0.6708437761,ADASYN_over
0,0,RF,0.1937059254,0.647736711,ADASYN_over
3,1,RF,0.3186922552,0.7834302326,ADASYN_over
6,2,RF,0.1631384641,0.683908046,ADASYN_over
9,3,RF,0.100415122,0.6318922306,ADASYN_over
12,4,RF,0.1531336639,0.6324143693,ADASYN_over
0,0,XG,0.2313346019,0.6775332226,ADASYN_over
3,1,XG,0.2021699722,0.7045265781,ADASYN_over
6,2,XG,0.0914145476,0.613430127,ADASYN_over
9,3,XG,0.3350041771,0.7220133668,ADASYN_over
12,4,XG,0.238677345,0.6355472013,ADASYN_over
0,0,LR,0.3137512987,0.6648671096,ADASYN_both
3,1,LR,0.2939726793,0.7462624585,ADASYN_both
6,2,LR,0.1227126705,0.6188747731,ADASYN_both
9,3,LR,0.2268971339,0.6979949875,ADASYN_both
12,4,LR,0.4092906124,0.8170426065,ADASYN_both
0,0,KNN,0.0532774547,0.6046511628,ADASYN_both
3,1,KNN,0.1666962742,0.6816860465,ADASYN_both
6,2,KNN,0.1890928039,0.6674732809,ADASYN_both
9,3,KNN,0.2439019209,0.6599832916,ADASYN_both
12,4,KNN,0.1386450186,0.6524644946,ADASYN_both
0,0,DT,0.0576390418,0.5558554817,ADASYN_both
3,1,DT,0.1458711283,0.5868978405,ADASYN_both
6,2,DT,0.0860369142,0.5599919339,ADASYN_both
9,3,DT,0.1092617527,0.5625522139,ADASYN_both
12,4,DT,0.1334431733,0.6152882206,ADASYN_both
0,0,SVMR,0.2537520164,0.7014119601,ADASYN_both
3,1,SVMR,0.3962029078,0.8255813953,ADASYN_both
6,2,SVMR,0.2881882349,0.7064932446,ADASYN_both
9,3,SVMR,0.2380059093,0.7533416876,ADASYN_both
12,4,SVMR,0.252737727,0.7224310777,ADASYN_both
0,0,SVML,0.1663895814,0.6430647841,ADASYN_both
3,1,SVML,0.2297865048,0.7372300664,ADASYN_both
6,2,SVML,0.3567805018,0.7761645493,ADASYN_both
9,3,SVML,0.4216652083,0.8178780284,ADASYN_both
12,4,SVML,0.3583048463,0.7341269841,ADASYN_both
0,0,RF,0.2235423653,0.6316445183,ADASYN_both
3,1,RF,0.2476807361,0.6638289037,ADASYN_both
6,2,RF,0.1697540204,0.6554748941,ADASYN_both
9,3,RF,0.2978928,0.6915204678,ADASYN_both
12,4,RF,0.2297807406,0.7189849624,ADASYN_both
0,0,XG,0.3026049693,0.7454318937,ADASYN_both
3,1,XG,0.0923950081,0.5546096346,ADASYN_both
6,2,XG,0.0665906294,0.6460980036,ADASYN_both
9,3,XG,0.3874468298,0.7777777778,ADASYN_both
12,4,XG,0.2685775067,0.7345446951,ADASYN_both
0,0,LR,0.3259758671,0.7365033223,SMOTE_both
3,1,LR,0.267854843,0.7024501661,SMOTE_both
6,2,LR,0.320619369,0.7594273039,SMOTE_both
9,3,LR,0.2237728788,0.6574770259,SMOTE_both
12,4,LR,0.2870555061,0.7243107769,SMOTE_both
0,0,KNN,0.2389795317,0.7099252492,SMOTE_both
3,1,KNN,0.1411862416,0.646179402,SMOTE_both
6,2,KNN,0.2206837027,0.6896551724,SMOTE_both
9,3,KNN,0.1606775048,0.6518379282,SMOTE_both
12,4,KNN,0.1606775048,0.6903717627,SMOTE_both
0,0,DT,0.1765681426,0.6206395349,SMOTE_both
3,1,DT,0.1218982521,0.6263496678,SMOTE_both
6,2,DT,0.1365458696,0.6113127647,SMOTE_both
9,3,DT,0.206514436,0.6458855472,SMOTE_both
12,4,DT,0.1922684881,0.6665622389,SMOTE_both
0,0,SVMR,0.2665805682,0.7273671096,SMOTE_both
3,1,SVMR,0.265708456,0.674833887,SMOTE_both
6,2,SVMR,0.3222107711,0.744303287,SMOTE_both
9,3,SVMR,0.3446783857,0.6796157059,SMOTE_both
12,4,SVMR,0.3493748127,0.7445697577,SMOTE_both
0,0,SVML,0.3105985227,0.7720099668,SMOTE_both
3,1,SVML,0.2588625803,0.7239410299,SMOTE_both
6,2,SVML,0.3062410822,0.7265577737,SMOTE_both
9,3,SVML,0.3895275689,0.7397660819,SMOTE_both
12,4,SVML,0.3298462976,0.7357978279,SMOTE_both
0,0,RF,0.2132850417,0.605377907,SMOTE_both
3,1,RF,0.0863787375,0.5940614618,SMOTE_both
6,2,RF,0.2349245117,0.7118370639,SMOTE_both
9,3,RF,0.2616929261,0.703320802,SMOTE_both
12,4,RF,0.4024295907,0.744047619,SMOTE_both
0,0,XG,0.225361118,0.6409883721,SMOTE_both
3,1,XG,0.1351715425,0.6399501661,SMOTE_both
6,2,XG,0.1861851157,0.701754386,SMOTE_both
9,3,XG,0.1852632866,0.6390977444,SMOTE_both
12,4,XG,0.3764186668,0.7648287385,SMOTE_both
0,0,LR,0.3149771429,0.718230897,SMOTE_over
3,1,LR,0.4466456852,0.8089700997,SMOTE_over
6,2,LR,0.3073488773,0.7293809236,SMOTE_over
9,3,LR,0.1697998215,0.6397243108,SMOTE_over
12,4,LR,0.3927812889,0.7767335004,SMOTE_over
0,0,KNN,0.1934703757,0.646179402,SMOTE_over
3,1,KNN,0.2387101582,0.7205149502,SMOTE_over
6,2,KNN,0.2191791689,0.6756402501,SMOTE_over
9,3,KNN,0.1324264538,0.6467209691,SMOTE_over
12,4,KNN,0.1071093493,0.6129908104,SMOTE_over
0,0,DT,0.1976934175,0.5991486711,SMOTE_over
3,1,DT,0.046738626,0.5670681063,SMOTE_over
6,2,DT,0.1952242882,0.643174027,SMOTE_over
9,3,DT,0.2987030401,0.7114661654,SMOTE_over
12,4,DT,0.0032034722,0.5370718463,SMOTE_over
0,0,SVMR,0.4485850149,0.7676495017,SMOTE_over
3,1,SVMR,0.3198519712,0.771179402,SMOTE_over
6,2,SVMR,0.2684048429,0.6827989514,SMOTE_over
9,3,SVMR,0.2162753514,0.6941311612,SMOTE_over
12,4,SVMR,0.3298462976,0.7149122807,SMOTE_over
0,0,SVML,0.287269552,0.7103405316,SMOTE_over
3,1,SVML,0.3500525485,0.7753322259,SMOTE_over
6,2,SVML,0.3927451894,0.8054043154,SMOTE_over
9,3,SVML,0.2621667372,0.6881787803,SMOTE_over
12,4,SVML,0.428197454,0.7205513784,SMOTE_over
0,0,RF,0.3153575789,0.6387043189,SMOTE_over
3,1,RF,0.3062428087,0.7534260797,SMOTE_over
6,2,RF,0.2055864788,0.6535591853,SMOTE_over
9,3,RF,0.2495332198,0.7597117794,SMOTE_over
12,4,RF,0.3038946217,0.7704678363,SMOTE_over
0,0,XG,0.294437337,0.7095099668,SMOTE_over
3,1,XG,0.2169682591,0.6808554817,SMOTE_over
6,2,XG,0.2740471869,0.7670901391,SMOTE_over
9,3,XG,0.2015032992,0.6355472013,SMOTE_over
12,4,XG,0.013409917,0.6510025063,SMOTE_over
0,0,LR,0.4107435908,0.7429401993,TADA
3,1,LR,0.3388550383,0.7568521595,TADA
6,2,LR,0.2477729763,0.6390401291,TADA
9,3,LR,0.314911919,0.7654553049,TADA
12,4,LR,0.206514436,0.6798245614,TADA
0,0,KNN,0.1606889297,0.6382890365,TADA
3,1,KNN,0.1708862351,0.60589701,TADA
6,2,KNN,0.0901851441,0.6017342206,TADA
9,3,KNN,0.1265877382,0.5204678363,TADA
12,4,KNN,0.206514436,0.660609858,TADA
0,0,DT,0.27394028,0.7058762458,TADA
3,1,DT,0.2031472587,0.6187707641,TADA
6,2,DT,0.372102786,0.7896753378,TADA
9,3,DT,0.1772206542,0.5948203843,TADA
12,4,DT,0.0914746252,0.5664160401,TADA
0,0,SVMR,0.3881130234,0.7612126246,TADA
3,1,SVMR,0.2588625803,0.718230897,TADA
6,2,SVMR,0.3124745322,0.785440613,TADA
9,3,SVMR,0.2440330131,0.6612364244,TADA
12,4,SVMR,0.3141882258,0.7393483709,TADA
0,0,SVML,0.2931036623,0.802948505,TADA
3,1,SVML,0.2879306168,0.7506229236,TADA
6,2,SVML,0.3536914211,0.6650534382,TADA
9,3,SVML,0.3573651237,0.7472848789,TADA
12,4,SVML,0.3729791423,0.7527151211,TADA
0,0,RF,0.1858751779,0.6814784053,TADA
3,1,RF,0.1056715766,0.6554194352,TADA
6,2,RF,0.3684995507,0.7899778181,TADA
9,3,RF,0.3024197539,0.7245196324,TADA
12,4,RF,0.3055367237,0.7270258981,TADA
0,0,XG,0.2610742528,0.6750415282,TADA
3,1,XG,0.226584667,0.7367109635,TADA
6,2,XG,0.2377709916,0.7368421053,TADA
9,3,XG,0.2390578731,0.6274018379,TADA
12,4,XG,0.2081465035,0.6263575606,TADA
0,0,LR,0.158383688,0.7948504983,DEFAULT
3,1,LR,0.212281567,0.8218438538,DEFAULT
6,2,LR,0.2058048825,0.6751361162,DEFAULT
9,3,LR,0.0011826182,0.7218045113,DEFAULT
12,4,LR,0.0450189001,0.7466583124,DEFAULT
0,0,KNN,0.0800923691,0.5758928571,DEFAULT
3,1,KNN,0.0922810161,0.6612333887,DEFAULT
6,2,KNN,0.0753414439,0.6929824561,DEFAULT
9,3,KNN,0.1901182349,0.7471804511,DEFAULT
12,4,KNN,0.3024197539,0.7192982456,DEFAULT
0,0,DT,0,0.6243770764,DEFAULT
3,1,DT,0.2903842563,0.6727574751,DEFAULT
6,2,DT,0.108725947,0.5917523694,DEFAULT
9,3,DT,0.2495332198,0.6653091061,DEFAULT
12,4,DT,0.1902826368,0.7154344194,DEFAULT
0,0,SVMR,0,0.653654485,DEFAULT
3,1,SVMR,0,0.2628737542,DEFAULT
6,2,SVMR,0,0.6563823351,DEFAULT
9,3,SVMR,-0.028757317,0.6532999165,DEFAULT
12,4,SVMR,0.1041144132,0.6940267335,DEFAULT
0,0,SVML,0,0.5431893688,DEFAULT
3,1,SVML,0,0.5456810631,DEFAULT
6,2,SVML,0,0.7406735229,DEFAULT
9,3,SVML,0,0.746449457,DEFAULT
12,4,SVML,0,0.6441102757,DEFAULT
0,0,RF,0.158383688,0.7029692691,DEFAULT
3,1,RF,0.2511415391,0.7317275748,DEFAULT
6,2,RF,0.0753414439,0.7455132083,DEFAULT
9,3,RF,0.2277442471,0.6979949875,DEFAULT
12,4,RF,0.2899525744,0.7786131997,DEFAULT
0,0,XG,0.0793946854,0.532807309,DEFAULT
3,1,XG,0,0.5,DEFAULT
6,2,XG,0.1351362406,0.7275660415,DEFAULT
9,3,XG,0.2492648914,0.7185672515,DEFAULT
12,4,XG,0.047191229,0.5318504595,DEFAULT
0,0,LR,0.2579533586,0.7753322259,ADASYN_over
3,1,LR,0.2684519085,0.7477159468,ADASYN_over
6,2,LR,0.1540829691,0.6583988707,ADASYN_over
9,3,LR,0.3115558743,0.72786132,ADASYN_over
12,4,LR,0.2824880646,0.730994152,ADASYN_over
0,0,KNN,0.2328643806,0.6317483389,ADASYN_over
3,1,KNN,0.1324272198,0.6158637874,ADASYN_over
6,2,KNN,0.1164389753,0.643174027,ADASYN_over
9,3,KNN,0.176467815,0.6503759398,ADASYN_over
12,4,KNN,-0.0044906773,0.5726817043,ADASYN_over
0,0,DT,0.0842383517,0.5594892027,ADASYN_over
3,1,DT,0.2227309875,0.6487749169,ADASYN_over
6,2,DT,0.0860369142,0.5639241783,ADASYN_over
9,3,DT,0.1856972636,0.6228070175,ADASYN_over
12,4,DT,-0.0226518869,0.4586466165,ADASYN_over
0,0,SVMR,0.1921833774,0.7117940199,ADASYN_over
3,1,SVMR,0.3328105168,0.7919435216,ADASYN_over
6,2,SVMR,0.2779236675,0.7920951805,ADASYN_over
9,3,SVMR,0.2870555061,0.7591896408,ADASYN_over
12,4,SVMR,0.2164133033,0.611946533,ADASYN_over
0,0,SVML,0.1921833774,0.6781561462,ADASYN_over
3,1,SVML,0.345507503,0.7799003322,ADASYN_over
6,2,SVML,0.3062410822,0.7608388788,ADASYN_over
9,3,SVML,0.3344780347,0.7710944027,ADASYN_over
12,4,SVML,0.3320224936,0.7903091061,ADASYN_over
0,0,RF,0.2562741031,0.6988164452,ADASYN_over
3,1,RF,0.0576390418,0.5838870432,ADASYN_over
6,2,RF,0.2588074209,0.7385561605,ADASYN_over
9,3,RF,-0.0076532943,0.6129908104,ADASYN_over
12,4,RF,0.369871393,0.7413324979,ADASYN_over
0,0,XG,0.186035257,0.7234219269,ADASYN_over
3,1,XG,0.2159807659,0.7026578073,ADASYN_over
6,2,XG,0.0719428571,0.6227061908,ADASYN_over
9,3,XG,0.2603496289,0.7414369256,ADASYN_over
12,4,XG,0.1234870661,0.5954469507,ADASYN_over
0,0,LR,0.2939726793,0.7547757475,ADASYN_both
3,1,LR,0.2684519085,0.7551910299,ADASYN_both
6,2,LR,0.4121401639,0.809235733,ADASYN_both
9,3,LR,0.1343803027,0.6134085213,ADASYN_both
12,4,LR,0.3252522901,0.7560568087,ADASYN_both
0,0,KNN,0.2528090484,0.709198505,ADASYN_both
3,1,KNN,0.1769607065,0.6883305648,ADASYN_both
6,2,KNN,0.1639866161,0.6590038314,ADASYN_both
9,3,KNN,0.2033477295,0.671679198,ADASYN_both
12,4,KNN,0.1092456844,0.6058897243,ADASYN_both
0,0,DT,0.1199852335,0.5941652824,ADASYN_both
3,1,DT,0.0586629059,0.5411129568,ADASYN_both
6,2,DT,0.0184640422,0.5698729583,ADASYN_both
9,3,DT,0.0831302494,0.5904344194,ADASYN_both
12,4,DT,0.2217029871,0.6628028404,ADASYN_both
0,0,SVMR,0.2434224649,0.6989202658,ADASYN_both
3,1,SVMR,0.4043732262,0.8276578073,ADASYN_both
6,2,SVMR,0.3875183572,0.78866707,ADASYN_both
9,3,SVMR,0.1284940552,0.6633249791,ADASYN_both
12,4,SVMR,0.1969947964,0.7220133668,ADASYN_both
0,0,SVML,0.3962029078,0.7850913621,ADASYN_both
3,1,SVML,0.2414829009,0.7022425249,ADASYN_both
6,2,SVML,0.229339462,0.7406735229,ADASYN_both
9,3,SVML,0.3765083933,0.7965747703,ADASYN_both
12,4,SVML,0.2951807657,0.7683792815,ADASYN_both
0,0,RF,0.1934108967,0.7260174419,ADASYN_both
3,1,RF,0.4439000703,0.7398255814,ADASYN_both
6,2,RF,0.3050794633,0.6858237548,ADASYN_both
9,3,RF,0.2440330131,0.6581035923,ADASYN_both
12,4,RF,0.2228064578,0.7191938179,ADASYN_both
0,0,XG,0.2378588218,0.6858388704,ADASYN_both
3,1,XG,0.1811354811,0.6555232558,ADASYN_both
6,2,XG,0.1767636882,0.730994152,ADASYN_both
9,3,XG,0.1710917937,0.6857769424,ADASYN_both
12,4,XG,0.1642884268,0.6246867168,ADASYN_both
0,0,LR,0.2181861305,0.7695182724,SMOTE_both
3,1,LR,0.265708456,0.7358803987,SMOTE_both
6,2,LR,0.1503284477,0.6938898972,SMOTE_both
9,3,LR,0.216423937,0.6892230576,SMOTE_both
12,4,LR,0.3446783857,0.7832080201,SMOTE_both
0,0,KNN,0.198177207,0.6981935216,SMOTE_both
3,1,KNN,0.1618705418,0.6204318937,SMOTE_both
6,2,KNN,0.1475386862,0.621697923,SMOTE_both
9,3,KNN,0.2728473598,0.7635756057,SMOTE_both
12,4,KNN,0.2220903346,0.7003968254,SMOTE_both
0,0,DT,0.0696036054,0.5754775748,SMOTE_both
3,1,DT,0.1331116651,0.5832641196,SMOTE_both
6,2,DT,0.1859666244,0.6620286348,SMOTE_both
9,3,DT,0.0773854463,0.5903299916,SMOTE_both
12,4,DT,0.1832934693,0.5967000835,SMOTE_both
0,0,SVMR,0.3273754613,0.7776162791,SMOTE_both
3,1,SVMR,0.2071615184,0.7406561462,SMOTE_both
6,2,SVMR,0.2492655339,0.724137931,SMOTE_both
9,3,SVMR,0.2811028284,0.7076023392,SMOTE_both
12,4,SVMR,0.3534212697,0.7865497076,SMOTE_both
0,0,SVML,0.3201422663,0.7050456811,SMOTE_both
3,1,SVML,0.2879306168,0.7813538206,SMOTE_both
6,2,SVML,0.2847870699,0.7559991934,SMOTE_both
9,3,SVML,0.3799040461,0.7786131997,SMOTE_both
12,4,SVML,0.3729791423,0.787176274,SMOTE_both
0,0,RF,0.3448104738,0.6888496678,SMOTE_both
3,1,RF,0.2378588218,0.6577034884,SMOTE_both
6,2,RF,0.2214345082,0.6783625731,SMOTE_both
9,3,RF,0.3043904546,0.7667084378,SMOTE_both
12,4,RF,0.3247163558,0.7545948204,SMOTE_both
0,0,XG,0.1520568065,0.6401578073,SMOTE_both
3,1,XG,0.2312008643,0.7286129568,SMOTE_both
6,2,XG,0.1647068997,0.6870336761,SMOTE_both
9,3,XG,0.2383574162,0.7727652464,SMOTE_both
12,4,XG,0.252737727,0.6881787803,SMOTE_both
0,0,LR,0.3709533447,0.7782392027,SMOTE_over
3,1,LR,0.3732376392,0.8274501661,SMOTE_over
6,2,LR,0.2710073834,0.7221213954,SMOTE_over
9,3,LR,0.1545441045,0.6537176274,SMOTE_over
12,4,LR,0.2791469463,0.7408103592,SMOTE_over
0,0,KNN,0.0366048141,0.5241901993,SMOTE_over
3,1,KNN,0.207740713,0.6624792359,SMOTE_over
6,2,KNN,0.2387998386,0.7445049405,SMOTE_over
9,3,KNN,0.0131683474,0.6001461988,SMOTE_over
12,4,KNN,0.1511415697,0.6244778613,SMOTE_over
0,0,DT,0.1106670129,0.6061046512,SMOTE_over
3,1,DT,0.1621856809,0.585755814,SMOTE_over
6,2,DT,0.2213635356,0.7109296229,SMOTE_over
9,3,DT,0.1377213643,0.5903299916,SMOTE_over
12,4,DT,0.1772206542,0.6057852966,SMOTE_over
0,0,SVMR,0.2631666187,0.7431478405,SMOTE_over
3,1,SVMR,0.3001265108,0.7767857143,SMOTE_over
6,2,SVMR,0.2541581334,0.7245412382,SMOTE_over
9,3,SVMR,0.1927926262,0.6735588972,SMOTE_over
12,4,SVMR,0.3233287309,0.7769423559,SMOTE_over
0,0,SVML,0.3327791628,0.7940199336,SMOTE_over
3,1,SVML,0.3397333627,0.7813538206,SMOTE_over
6,2,SVML,0.3321483611,0.7527727364,SMOTE_over
9,3,SVML,0.3154708642,0.7416457811,SMOTE_over
12,4,SVML,0.345981563,0.7332915622,SMOTE_over
0,0,RF,0.1089275502,0.6653862126,SMOTE_over
3,1,RF,0.1279069767,0.654692691,SMOTE_over
6,2,RF,0.2076194811,0.6466021375,SMOTE_over
9,3,RF,0.2492648914,0.7471804511,SMOTE_over
12,4,RF,0.2194912306,0.7455096074,SMOTE_over
0,0,XG,0.2622842472,0.7398255814,SMOTE_over
3,1,XG,0.1089275502,0.7165697674,SMOTE_over
6,2,XG,0.1995133904,0.696713047,SMOTE_over
9,3,XG,0.1518488598,0.5588972431,SMOTE_over
12,4,XG,0.2303706961,0.7159565581,SMOTE_over
0,0,LR,0.2631666187,0.6634136213,TADA
3,1,LR,0.2537520164,0.7657807309,TADA
6,2,LR,0.2187161267,0.6692881629,TADA
9,3,LR,0.346506484,0.8149540518,TADA
12,4,LR,0.3316011867,0.7658730159,TADA
0,0,KNN,0.1765163234,0.66839701,TADA
3,1,KNN,0.2129664006,0.6953903654,TADA
6,2,KNN,0.2262122704,0.7283726558,TADA
9,3,KNN,0.1538954086,0.6284461153,TADA
12,4,KNN,0.0882681139,0.626566416,TADA
0,0,DT,0,0.4939784053,TADA
3,1,DT,0.2021840803,0.6747300664,TADA
6,2,DT,0.0026462903,0.5054446461,TADA
9,3,DT,0.2258950702,0.6539264829,TADA
12,4,DT,0.3099160301,0.6864035088,TADA
0,0,SVMR,0.2203213922,0.7153239203,TADA
3,1,SVMR,0.345442543,0.7794850498,TADA
6,2,SVMR,0.2677277416,0.6645493043,TADA
9,3,SVMR,0.3252024023,0.7600250627,TADA
12,4,SVMR,0.1485172835,0.6564327485,TADA
0,0,SVML,0.4641596702,0.8247508306,TADA
3,1,SVML,0.3273447444,0.7877906977,TADA
6,2,SVML,0.2606745078,0.7257511595,TADA
9,3,SVML,0.2811028284,0.735380117,TADA
12,4,SVML,0.3740279563,0.7426900585,TADA
0,0,RF,0.3647460493,0.7956810631,TADA
3,1,RF,0.1641410229,0.695494186,TADA
6,2,RF,0.0442384753,0.6022383545,TADA
9,3,RF,0.3416555872,0.73339599,TADA
12,4,RF,0.369987619,0.7401837928,TADA
0,0,XG,0.3965799204,0.7562292359,TADA
3,1,XG,0.1694352159,0.677948505,TADA
6,2,XG,0.1933857633,0.7140552531,TADA
9,3,XG,0.2290585294,0.7393483709,TADA
12,4,XG,0.1243165306,0.6832706767,TADA
