,Bacteria_Firmicutes_Bacilli_Lactobacillales_Streptococcaceae_Streptococcus_parasanguinis_clade_411,Bacteria_Proteobacteria_Betaproteobacteria_Neisseriales_Neisseriaceae_Neisseria_NA,Bacteria_Bacteroidetes_Bacteroidia_Bacteroidales_Prevotellaceae_Prevotella_veroralis,Bacteria_Actinobacteria_Actinobacteria_Actinomycetales_Actinomycetaceae_Actinomyces_sp._HMT_180,Bacteria_Actinobacteria_Actinobacteria_Actinomycetales_Micrococcaceae_Rothia_aeria,Bacteria_Firmicutes_Bacilli_Bacillales_Gemellaceae_Gemella_morbillorum,Bacteria_Firmicutes_Negativicutes_Veillonellales_Veillonellaceae_Veillonella_rogosae,Bacteria_Firmicutes_Bacilli_Lactobacillales_Aerococcaceae_Abiotrophia_defectiva,Bacteria_Firmicutes_Clostridia_Clostridiales_Lachnospiraceae_[XIV]_Lachnoanaerobaculum_umeaense,Bacteria_Firmicutes_Clostridia_Clostridiales_Lachnospiraceae_[XIV]_Lachnospiraceae_[G-2]_bacterium_HMT_096,Bacteria_Proteobacteria_Betaproteobacteria_Neisseriales_Neisseriaceae_Neisseria_oralis,Bacteria_Bacteroidetes_Bacteroidia_Bacteroidales_Prevotellaceae_Prevotella_nigrescens,Bacteria_Actinobacteria_Actinobacteria_Corynebacteriales_Corynebacteriaceae_Corynebacterium_durum,Bacteria_Bacteroidetes_Flavobacteriia_Flavobacteriales_Flavobacteriaceae_Capnocytophaga_leadbetteri,Bacteria_Proteobacteria_Betaproteobacteria_Neisseriales_Neisseriaceae_Neisseria_cinerea,Bacteria_Bacteroidetes_Flavobacteriia_Flavobacteriales_Flavobacteriaceae_Capnocytophaga_granulosa,Bacteria_Firmicutes_Bacilli_Lactobacillales_Lactobacillaceae_Lactobacillus_iners,Bacteria_Bacteroidetes_Bacteroidia_Bacteroidales_Prevotellaceae_Prevotella_intermedia,Bacteria_Bacteroidetes_Bacteroidia_Bacteroidales_Prevotellaceae_Alloprevotella_tannerae
SRR6751372,828,0,125,489,0,0,0,0,0,0,0,0,0,0,0,0,0,0,0
SRR6751371,483,32,108,256,0,40,117,41,0,24,0,0,168,0,0,0,0,0,0
SRR6751368,1288,158,209,60,13,9,0,0,0,17,0,0,0,0,18,22,0,0,0
SRR6751199,922,38,0,155,0,0,164,0,0,72,0,0,0,0,0,0,0,0,0
SRR6751488,400,616,0,99,236,20,0,70,14,0,110,0,28,21,0,0,0,0,0
SRR6751464,514,6,69,0,0,6,0,0,0,0,0,0,14,0,0,0,0,0,0
SRR6751465,789,0,0,0,0,0,0,0,0,0,0,0,0,0,0,0,0,0,0
SRR6751143,255,90,0,141,0,0,0,0,53,13,34,0,0,0,62,0,0,0,0
SRR6751241,1241,47,202,132,31,0,0,0,0,0,0,0,0,0,0,0,0,0,0
SRR6751421,290,189,0,61,0,0,121,0,19,0,29,0,10,0,0,0,0,0,0
SRR6751427,474,0,73,0,0,0,0,0,0,0,0,0,0,0,0,0,0,0,0
SRR6751223,142,124,44,0,0,0,0,0,0,0,0,0,0,0,0,0,0,0,0
SRR6751224,805,0,938,333,0,0,0,41,0,37,0,0,0,0,0,0,0,0,0
SRR6751152,929,93,707,69,0,0,0,0,0,84,0,0,0,0,0,0,0,0,0
SRR6751151,538,0,0,213,24,0,0,0,0,0,0,0,14,0,0,0,0,0,0
SRR6751614,205,39,0,74,0,30,0,0,0,0,0,0,0,0,0,0,0,0,8
SRR6751403,567,0,183,0,0,0,0,0,0,0,0,3,0,0,0,0,0,0,2
SRR6751631,498,247,23,0,95,38,0,49,0,0,99,0,0,0,0,0,0,0,0
SRR6751621,750,26,89,0,0,0,0,0,0,0,0,15,0,0,0,0,0,0,0
SRR6751570,478,0,0,186,0,0,160,0,35,0,0,0,117,0,0,33,0,83,0
SRR6751565,284,0,11,0,116,173,0,0,0,0,0,0,29,20,0,0,0,0,0
SRR6751402,603,0,0,0,81,0,0,0,0,0,0,0,0,0,0,0,0,0,0
SRR6751400,722,0,0,66,0,20,189,0,13,15,0,0,12,0,0,0,0,0,0
SRR6751547,407,0,14,37,0,0,0,0,0,0,0,0,11,0,0,38,0,0,0
SRR6751548,113,702,13,123,0,10,94,0,44,5,0,0,150,0,19,0,0,0,0
SRR6751549,146,1386,414,108,0,0,0,0,0,10,0,0,0,0,36,0,0,0,0
SRR6751550,44,0,70,73,0,0,0,29,0,0,0,0,0,0,0,18,0,16,15
SRR6751551,170,116,85,253,0,0,0,10,4,72,0,17,0,0,0,0,0,0,7
SRR6751552,376,0,79,172,0,14,0,0,0,31,0,0,0,0,0,0,0,0,0
SRR6751553,0,81,0,124,0,63,265,56,31,0,0,32,0,0,13,0,0,0,18
SRR6751554,436,30,0,132,0,0,0,13,0,0,0,0,0,0,0,0,0,0,0
SRR6751555,162,809,0,77,0,133,259,0,8,0,0,0,0,0,0,0,0,0,0
SRR6751556,414,56,832,107,0,0,0,0,0,0,0,0,0,0,0,0,0,0,0
SRR6751212,223,0,10,0,0,0,0,0,0,0,0,0,0,0,0,0,0,0,32
SRR6751210,1164,20,0,0,0,0,0,0,0,0,0,0,0,6,0,0,0,0,13
SRR6751411,328,0,35,0,0,6,0,0,0,7,0,0,0,77,154,81,0,0,18
SRR6751410,496,238,0,156,0,0,114,8,0,0,0,0,0,0,0,0,0,0,0
SRR6751409,0,235,0,199,0,146,0,0,0,0,0,0,0,59,0,0,0,0,0
SRR6751408,459,0,0,162,0,0,0,0,18,0,0,0,0,0,0,0,0,0,0
SRR6751198,0,0,0,0,0,0,0,27,0,0,0,0,0,0,0,0,0,0,0
SRR6751196,241,0,0,0,57,0,0,0,0,16,71,0,3,0,22,0,0,0,0
SRR6751405,2448,0,0,237,0,0,0,0,0,0,0,0,0,0,0,0,0,0,0
SRR6751404,127,0,43,0,28,9,0,0,0,0,0,11,0,76,0,0,0,0,0
SRR6751357,362,39,0,128,0,0,0,0,19,0,0,0,0,0,0,39,0,0,0
SRR6751355,0,198,0,0,202,44,0,74,4,0,0,16,7,0,0,0,0,0,0
SRR6751249,0,0,0,215,0,0,189,93,45,0,214,0,0,53,527,31,0,0,0
SRR6751248,906,20,93,128,0,159,0,0,0,0,0,9,33,0,0,0,0,0,0
SRR6751344,403,59,0,140,0,90,306,0,18,0,0,11,18,0,0,0,0,73,15
SRR6751343,167,672,29,159,0,0,0,0,2,0,0,0,0,0,0,0,0,0,0
SRR6751245,2614,74,0,63,22,0,44,0,6,0,0,11,10,9,0,0,0,0,0
SRR6751342,652,0,0,401,0,16,0,0,0,0,0,0,27,0,0,0,0,0,0
SRR6751247,846,149,0,47,0,0,0,0,0,0,0,0,0,0,0,0,0,0,0
SRR6751246,0,45,42,50,46,75,57,0,20,0,0,0,8,33,12,35,0,0,15
SRR6751603,207,20,27,162,0,0,0,0,4,41,0,0,0,0,0,0,0,0,0
SRR6751615,2106,0,770,366,0,0,0,0,0,52,0,21,0,0,0,0,0,0,0
SRR6751390,437,289,196,88,0,0,9,0,0,94,0,0,0,0,0,0,0,0,0
SRR6751391,694,0,0,54,0,0,28,0,0,37,0,0,0,0,0,0,0,0,0
SRR6751388,2164,0,173,666,0,0,0,0,25,0,0,0,0,0,0,0,0,0,0
SRR6751389,1348,0,105,0,0,0,0,0,10,28,0,0,0,0,0,0,0,0,0
SRR6751386,278,93,94,157,0,13,0,8,23,0,0,0,24,0,0,19,0,0,0
SRR6751387,487,243,85,207,0,0,0,0,0,22,0,19,10,22,0,0,0,0,0
SRR6751146,178,413,68,263,0,4,0,2,0,0,227,9,9,0,0,0,0,0,0
SRR6751147,1026,62,553,393,0,0,0,0,0,0,0,0,0,0,0,0,0,0,0
SRR6751263,1527,0,67,100,0,0,0,0,0,0,0,0,0,0,0,0,0,0,0
SRR6751262,1430,116,510,69,0,0,0,16,0,34,0,0,31,13,0,19,0,0,0
SRR6751267,816,0,94,0,0,14,0,0,0,0,12,32,0,0,0,0,0,69,0
SRR6751266,272,359,0,347,115,0,90,0,16,0,0,3,246,52,0,22,0,0,0
SRR6751265,209,200,57,51,0,0,0,0,0,30,7,0,0,0,0,0,0,0,0
SRR6751264,398,0,136,321,54,0,0,0,0,20,150,0,0,0,0,0,0,0,0
SRR6751271,0,377,0,40,85,2,33,59,0,0,0,0,0,0,0,0,0,0,0
SRR6751270,710,0,500,98,0,0,0,0,0,0,0,0,0,0,0,0,0,0,0
SRR6751269,979,36,0,88,0,0,0,0,0,0,0,0,0,0,11,0,0,0,0
SRR6751268,1478,0,77,0,0,0,0,0,0,0,0,0,0,0,0,0,0,0,0
SRR6751406,0,188,0,136,0,142,96,47,18,15,0,0,31,0,0,0,0,0,0
SRR6751407,2975,22,0,115,0,0,0,0,174,0,0,0,0,0,0,0,0,0,0
SRR6751416,101,194,0,223,0,0,301,0,0,0,0,0,0,0,0,0,0,91,23
SRR6751417,177,0,0,0,0,0,177,67,0,0,0,0,0,2,0,0,0,0,0
SRR6751418,0,15,28,251,0,45,163,34,55,9,0,0,44,0,0,26,0,0,0
SRR6751419,423,13,170,218,0,0,80,0,33,0,0,12,9,0,6,0,0,0,0
SRR6751412,1350,0,0,211,0,0,0,52,0,0,0,0,7,14,0,16,0,0,0
SRR6751413,345,450,0,89,44,0,186,0,0,0,0,4,32,0,0,0,0,0,0
SRR6751414,899,0,0,72,0,0,0,0,0,0,0,0,0,0,0,0,0,0,0
SRR6751415,338,0,0,0,46,4,0,0,0,0,0,0,0,0,0,15,0,0,0
SRR6751569,623,148,107,66,0,51,182,0,0,37,0,25,159,0,0,0,0,0,7
SRR6751568,411,0,0,15,0,46,0,19,0,0,0,0,3,42,0,45,0,0,0
SRR6751293,728,386,55,78,0,3,0,25,0,0,0,0,0,0,0,20,0,0,0
SRR6751292,418,612,0,99,0,0,0,0,0,0,0,0,0,0,0,2,0,0,0
SRR6751598,957,117,49,58,0,0,0,0,0,0,0,0,44,0,0,0,0,0,0
SRR6751597,918,0,867,479,0,7,137,0,24,119,0,0,4,0,0,0,0,0,3
SRR6751600,175,365,36,201,0,66,0,0,0,0,0,7,0,0,2,0,0,0,4
SRR6751599,0,1506,51,345,75,48,190,45,33,12,37,0,35,0,0,24,0,0,8
SRR6751602,76,12,135,272,77,0,46,67,2,7,132,0,20,17,0,10,0,0,23
SRR6751601,570,0,100,44,0,0,0,0,0,0,0,104,0,0,0,0,0,0,0
SRR6751171,156,82,134,221,0,336,61,14,0,87,0,2,0,36,0,15,0,0,0
SRR6751172,337,0,51,0,68,0,0,0,0,0,0,0,5,0,0,7,0,0,0
SRR6751423,95,0,152,105,2,143,0,16,18,42,0,93,0,20,0,5,0,0,127
SRR6751424,1129,0,628,833,0,0,0,0,0,275,4,0,0,0,0,0,0,3,0
SRR6751657,518,15,756,296,0,0,0,2,11,51,0,4,0,0,0,4,0,0,0
SRR6751422,612,0,3500,37,0,0,0,0,0,0,0,0,0,0,0,0,0,0,0
SRR6751148,191,181,256,91,22,33,0,18,13,79,35,0,0,0,88,11,0,25,14
SRR6751429,676,24,73,394,28,0,0,0,0,0,0,6,5,14,0,0,0,0,0
SRR6751425,1505,7,0,92,0,9,0,0,0,0,0,18,0,0,0,0,0,0,12
SRR6751426,209,157,66,112,0,16,0,51,20,21,0,15,20,0,0,27,0,0,3
SRR6751340,426,0,0,250,0,0,0,0,0,0,0,0,0,0,0,6,0,0,0
SRR6751339,1170,69,555,10,0,0,0,0,0,57,39,0,0,0,0,0,0,0,10
SRR6751338,448,2620,0,343,0,12,0,0,0,0,0,0,10,31,21,27,0,0,0
SRR6751337,699,173,118,245,0,0,0,0,16,15,0,4,0,8,6,0,0,0,0
SRR6751336,1729,207,11,241,0,36,41,17,9,3,11,0,0,27,0,0,0,49,9
SRR6751335,200,0,14,32,46,0,63,35,16,0,0,0,12,0,0,0,0,0,0
SRR6751334,1234,0,0,23,0,0,0,0,0,0,0,0,0,0,0,0,0,0,0
SRR6751244,1379,716,215,281,0,0,0,12,0,33,0,0,0,0,0,0,0,0,0
SRR6751332,451,0,50,65,0,0,0,8,0,0,0,0,2,0,0,0,0,0,0
SRR6751331,557,0,956,44,0,0,0,0,0,0,0,0,0,0,19,0,0,0,0
SRR6751478,62,0,0,0,0,0,36,130,30,13,0,0,9,29,8,0,0,0,0
SRR6751479,284,202,25,48,46,2,0,15,0,3,0,0,71,0,0,0,0,0,0
SRR6751616,4679,7,0,97,0,0,0,0,0,0,0,0,0,2,0,0,0,0,11
SRR6751617,33,0,0,41,0,100,0,0,0,0,0,0,0,75,0,25,0,36,0
SRR6751618,257,68,297,350,41,16,49,27,13,4,0,4,31,0,5,0,0,11,4
SRR6751619,707,59,85,205,0,8,86,17,13,14,5,16,11,28,0,37,0,0,0
SRR6751620,632,0,329,68,0,14,0,0,0,0,0,5,0,0,0,0,0,0,6
SRR6751622,1230,111,291,740,0,3,0,0,31,8,0,8,0,0,0,0,0,0,0
SRR6751623,352,127,17,109,11,25,0,66,12,0,0,21,13,15,0,0,0,0,9
SRR6751624,384,146,0,480,64,0,0,26,12,0,7,10,2,11,0,23,0,0,0
SRR6751638,458,0,14,122,0,0,0,27,0,0,0,0,0,0,8,0,0,0,0
SRR6751637,189,113,77,25,0,0,0,14,0,80,7,0,0,0,0,0,0,0,0
SRR6751460,876,0,0,144,146,0,0,64,0,9,407,10,6,19,0,24,0,0,0
SRR6751463,721,0,38,157,0,0,23,35,0,4,0,0,0,0,0,0,0,0,0
SRR6751462,431,378,31,153,25,0,0,0,0,0,0,0,0,0,0,0,0,0,0
SRR6751457,103,0,0,58,0,65,56,83,0,12,0,10,6,0,93,35,0,0,0
SRR6751456,948,0,57,2447,0,0,0,0,0,0,0,0,0,0,0,0,0,0,0
SRR6751459,1367,0,244,283,0,0,0,0,0,0,0,0,2,0,0,0,0,0,7
SRR6751458,1040,0,132,125,0,0,0,0,0,0,34,0,0,0,0,0,0,0,0
SRR6751260,343,287,11,333,308,17,275,10,77,0,0,0,205,37,0,51,0,0,0
SRR6751261,914,0,0,76,0,14,0,53,0,0,0,0,0,0,0,0,0,0,0
SRR6751525,43,0,0,250,0,0,203,13,36,0,0,0,7,4,0,0,0,0,0
SRR6751526,447,0,0,333,0,133,0,65,0,0,0,0,82,20,0,54,0,0,0
SRR6751237,1541,52,208,499,15,7,0,0,0,16,50,0,0,0,0,25,0,0,18
SRR6751238,287,80,31,155,37,79,80,661,32,4,0,16,41,19,0,0,0,0,0
SRR6751235,471,0,80,48,126,15,0,46,9,15,58,0,7,52,0,113,0,0,3
SRR6751236,1599,0,54,96,0,13,0,18,0,0,11,41,24,19,0,0,0,0,0
SRR6751233,477,0,307,554,31,36,31,139,15,367,28,6,48,36,0,42,0,0,0
SRR6751234,262,42,39,23,40,33,113,11,30,0,29,0,3,104,0,0,0,17,0
SRR6751647,82,1207,10,255,114,4,324,140,29,13,0,7,67,26,0,0,0,0,4
SRR6751648,693,122,56,133,9,68,0,196,13,17,9,4,0,60,0,26,0,0,4
SRR6751651,620,96,209,1473,18,180,244,0,32,85,0,12,10,10,0,0,0,0,17
SRR6751652,230,148,26,433,38,42,0,25,6,19,7,36,21,28,0,14,0,0,50
SRR6751649,312,59,45,248,0,39,85,96,25,35,13,3,36,19,0,0,0,0,0
SRR6751650,575,0,59,81,7,64,0,107,0,2,57,17,0,34,0,53,0,0,14
SRR6751655,605,211,17,212,81,163,173,58,65,0,309,0,20,0,0,0,0,2,45
SRR6751656,877,309,758,507,0,0,0,0,0,0,0,0,0,0,0,0,0,0,0
SRR6751653,793,0,123,171,18,112,0,0,10,0,0,23,0,0,0,0,0,0,10
SRR6751654,1000,0,226,120,0,0,0,27,4,5,0,0,0,0,0,0,0,23,12
SRR6751490,222,0,125,317,69,23,0,0,0,10,11,33,0,17,0,21,0,0,23
SRR6751489,127,120,0,78,149,202,165,49,0,0,108,11,21,120,0,82,0,0,0
SRR6751492,1369,5,8,0,0,0,0,31,0,0,0,4,0,5,0,0,0,0,0
SRR6751491,800,26,17,64,16,55,0,0,0,0,0,10,116,56,0,0,0,0,16
SRR6751494,182,255,0,182,52,129,240,61,24,5,0,9,76,58,0,110,0,65,3
SRR6751493,742,0,15,0,0,0,0,0,0,0,37,0,0,0,0,220,0,0,0
SRR6751496,1167,0,98,116,0,29,0,29,13,32,11,36,0,15,0,13,0,0,82
SRR6751495,879,284,58,93,0,244,121,44,11,0,0,8,21,46,0,21,0,0,0
SRR6751498,212,166,0,1218,31,411,104,1218,48,0,0,0,43,59,2,0,0,0,0
SRR6751497,107,0,242,552,28,101,238,70,50,90,23,44,46,15,0,0,0,0,19
SRR6751272,507,0,228,157,0,206,72,136,27,0,0,22,0,14,0,24,0,0,7
SRR6751273,477,95,57,776,26,43,79,25,17,31,0,26,33,24,0,36,0,0,30
SRR6751274,467,0,143,75,0,0,59,77,0,0,0,0,17,0,0,0,0,0,0
SRR6751275,527,428,168,513,43,24,0,16,21,89,0,11,56,19,0,0,0,0,0
SRR6751276,191,0,174,683,16,281,280,27,36,43,16,0,16,11,0,17,0,0,24
SRR6751277,597,0,112,352,23,0,0,0,24,0,0,6,7,135,0,0,0,0,6
SRR6751278,175,695,7,262,93,44,206,23,14,0,0,21,241,30,2,31,0,0,0
SRR6751279,201,0,0,522,98,204,134,55,9,18,45,0,34,26,0,102,0,83,39
SRR6751280,56,480,36,1658,18,101,633,98,52,0,11,25,6,0,0,0,0,0,5
SRR6751281,672,4,0,189,0,0,0,7,0,0,0,11,12,33,0,0,0,0,0
SRR6751145,1871,0,62,490,0,0,62,0,6,0,0,0,0,0,0,7,0,0,0
SRR6751144,42,0,0,30,23,0,0,215,25,2,0,0,32,23,0,0,0,32,0
SRR6751665,1022,167,65,752,55,0,0,0,13,37,0,0,79,0,0,0,0,0,0
SRR6751664,250,481,435,424,0,330,857,0,29,47,0,0,0,0,7,0,0,0,0
SRR6751663,179,456,0,333,29,135,67,43,14,46,62,47,88,14,0,27,0,0,7
SRR6751662,464,62,70,93,3,0,0,0,0,0,18,24,29,20,0,58,0,0,8
SRR6751134,394,539,9,376,0,0,35,0,0,15,0,0,17,0,9,0,0,0,0
SRR6751674,492,105,1282,219,0,0,49,21,18,9,0,11,0,2,0,0,0,0,0
SRR6751659,329,53,0,356,0,54,0,86,16,51,0,0,32,8,0,0,0,0,0
SRR6751658,18,0,0,5,37,0,0,205,0,0,0,58,190,0,8,0,0,0,0
SRR6751571,512,309,54,751,0,0,42,9,37,0,0,0,0,0,0,5,0,0,0
SRR6751572,1077,0,91,156,19,23,0,57,0,0,0,27,0,45,0,0,0,0,13
SRR6751579,797,0,238,849,0,16,0,32,0,82,13,0,0,7,0,0,0,0,0
SRR6751580,779,525,172,210,0,0,105,26,23,0,0,16,28,34,0,53,0,0,12
SRR6751577,1445,0,80,278,0,49,108,0,0,0,0,7,0,0,0,10,0,0,14
SRR6751578,503,154,0,193,0,4,0,0,0,0,0,0,0,25,0,0,0,0,13
SRR6751575,360,931,257,1149,67,19,160,0,20,413,0,0,8,0,3,6,0,0,192
SRR6751576,538,0,586,636,0,125,0,10,0,0,0,11,16,5,0,2,0,0,6
SRR6751573,157,188,184,989,22,16,294,17,49,0,0,0,17,16,6,27,0,0,41
SRR6751574,197,184,81,0,0,19,190,0,68,0,73,0,18,53,3,0,0,0,0
SRR6751431,595,855,0,74,0,0,139,0,0,0,0,0,0,0,122,0,0,0,0
SRR6751430,676,114,266,567,0,13,0,0,7,0,0,0,0,0,0,0,0,0,0
SRR6751437,908,130,185,396,22,0,52,0,2,0,0,0,5,0,0,0,0,0,0
SRR6751436,1307,0,23,63,0,0,0,0,0,0,0,0,0,0,0,0,0,0,0
SRR6751439,909,223,18,212,0,0,21,0,0,8,0,0,4,7,0,0,0,0,0
SRR6751438,1222,0,49,45,0,0,0,0,8,0,0,0,0,0,0,0,0,0,0
SRR6751433,468,1719,88,639,19,84,91,0,0,0,0,14,29,0,14,0,0,0,0
SRR6751432,462,1205,0,269,0,0,146,0,46,0,0,0,0,0,18,0,0,0,0
SRR6751435,2042,0,17,117,0,0,41,0,0,0,0,0,10,0,0,0,0,0,0
SRR6751434,511,0,337,688,0,36,82,49,19,0,23,53,62,16,0,22,0,0,0
SRR6751186,265,200,684,1391,0,0,79,15,11,0,0,0,0,6,0,0,0,0,0
SRR6751187,1018,0,140,272,235,17,0,0,13,0,0,26,0,0,0,0,0,0,4
SRR6751192,304,136,0,346,0,11,134,0,0,0,0,0,60,0,0,0,0,0,0
SRR6751193,679,0,125,52,0,0,0,0,0,0,0,0,19,29,0,40,0,0,0
SRR6751194,951,0,198,75,20,0,0,7,46,85,0,0,0,0,0,0,0,0,4
SRR6751195,48,539,35,425,0,52,120,0,40,0,0,21,20,46,9,0,0,105,55
SRR6751188,139,48,36,214,0,97,130,108,16,0,0,42,53,9,0,9,0,0,41
SRR6751189,480,0,83,609,0,0,143,34,47,14,0,0,16,0,3,40,0,0,0
SRR6751190,725,0,357,597,0,7,0,0,0,22,0,0,10,0,0,0,0,0,0
SRR6751191,1222,0,50,0,0,0,0,0,0,0,0,0,6,0,0,0,0,0,0
SRR6751605,299,345,131,679,81,57,0,84,21,0,0,0,24,60,88,0,0,0,7
SRR6751604,173,36,52,246,34,5,225,83,22,15,5,13,28,5,66,0,0,0,20
SRR6751609,392,204,45,107,384,0,0,0,15,97,466,0,195,0,2,0,0,0,0
SRR6751608,1141,30,107,1065,0,30,0,9,49,53,12,31,20,43,0,13,0,0,17
SRR6751607,107,568,0,89,59,29,158,57,25,0,154,0,62,23,0,0,0,0,0
SRR6751606,4435,9,0,21,0,0,0,0,0,0,0,0,0,0,0,0,0,0,0
SRR6751613,620,107,132,236,0,154,53,23,0,36,4,3,19,10,0,11,0,0,5
SRR6751612,795,24,62,329,0,0,3,32,0,0,33,0,0,0,0,0,0,0,0
SRR6751611,1186,0,72,57,0,0,3,0,0,0,0,0,64,0,0,0,0,0,0
SRR6751610,877,474,39,159,0,0,170,0,16,0,22,0,0,0,0,0,0,0,31
SRR6751327,860,17,28,342,17,0,101,0,42,10,0,0,13,0,0,0,0,0,11
SRR6751333,221,204,26,31,0,0,146,0,26,3,0,0,0,0,0,0,0,0,0
SRR6751511,1181,11,424,1089,22,0,0,35,0,189,0,2,12,4,0,0,0,0,7
SRR6751512,951,0,468,31,0,0,0,18,44,0,0,27,10,0,0,0,0,0,4
SRR6751509,335,192,12,260,18,73,257,42,16,10,20,17,0,28,0,0,0,0,15
SRR6751510,1233,89,154,57,84,0,0,0,0,0,1177,17,16,0,0,0,0,0,30
SRR6751515,1630,0,90,350,3,54,0,0,26,0,0,0,10,0,0,0,0,0,4
SRR6751516,726,4,0,26,0,0,0,0,0,0,0,0,0,0,9,0,0,0,0
SRR6751303,1718,0,85,0,0,0,0,15,0,0,0,0,3,0,0,4,0,0,0
SRR6751304,558,102,522,693,0,15,79,16,15,67,7,0,22,23,0,0,0,0,0
SRR6751370,1138,0,0,0,0,5,0,144,9,13,102,2,3,0,0,8,0,0,0
SRR6751369,621,0,295,71,0,0,0,17,0,4,0,10,15,20,12,16,3,0,0
SRR6751361,1097,53,36,1004,0,2,192,0,87,32,0,0,18,0,0,0,0,0,0
SRR6751360,406,0,19,250,0,99,429,0,21,0,0,0,11,7,0,0,0,0,0
SRR6751363,780,0,57,0,0,0,0,0,0,0,0,0,10,0,0,0,0,0,0
SRR6751362,1130,236,448,1002,0,12,102,0,13,247,0,4,12,13,0,0,0,0,13
SRR6751365,388,53,58,115,0,20,15,0,0,22,0,0,0,0,0,0,0,0,0
SRR6751364,333,21,53,352,66,0,79,11,13,18,2,0,30,0,0,11,0,0,0
SRR6751367,270,187,634,546,19,73,108,25,20,121,0,0,41,6,0,0,0,0,6
SRR6751366,910,76,0,288,0,20,16,10,70,3,0,0,42,51,146,0,0,0,0
SRR6751150,347,866,58,287,0,0,54,0,0,0,18,0,16,32,76,0,0,0,19
SRR6751149,259,58,77,266,34,228,99,46,27,5,0,18,38,64,3,50,0,73,15
SRR6751160,38,32,0,357,0,0,428,11,50,6,3,0,0,0,20,0,0,23,29
SRR6751159,84,166,12,234,43,128,399,31,60,0,0,3,25,35,0,0,0,0,0
SRR6751158,757,38,1090,73,29,0,0,0,0,0,36,0,0,0,3,0,0,0,0
SRR6751157,738,18,324,207,25,0,107,0,0,21,0,6,4,21,0,19,0,0,19
SRR6751156,311,357,25,27,0,0,37,21,14,0,0,0,8,8,0,0,0,0,0
SRR6751155,198,134,53,84,0,20,53,92,17,0,0,3,0,24,0,0,0,0,0
SRR6751154,247,0,797,203,0,10,110,108,35,43,0,172,7,24,181,20,0,0,0
SRR6751153,654,87,137,752,22,5,0,0,0,58,31,0,0,0,0,5,0,0,0
SRR6751329,1006,476,49,409,0,21,87,0,22,7,0,3,0,0,0,0,0,0,0
SRR6751330,710,0,43,255,16,83,14,4,0,7,0,20,65,0,0,2,0,16,19
SRR6751315,688,478,45,447,0,8,103,0,28,20,0,0,0,11,0,6,0,0,0
SRR6751316,297,83,98,231,0,0,132,0,0,0,0,18,0,0,0,0,0,0,24
SRR6751317,2388,0,110,109,0,0,0,0,0,0,0,0,0,0,0,0,0,0,0
SRR6751318,571,0,1079,507,0,0,0,0,0,130,0,0,11,26,94,0,0,0,9
SRR6751319,474,298,250,167,0,197,0,43,0,22,0,0,16,23,0,38,0,0,14
SRR6751320,1420,111,0,155,0,0,0,0,0,0,0,0,0,0,0,0,0,0,0
SRR6751321,512,0,736,0,0,0,0,0,0,0,0,21,20,0,0,0,0,0,0
SRR6751322,1117,0,75,667,0,0,0,0,0,0,0,46,0,0,0,28,0,0,21
SRR6751290,278,758,468,578,0,0,260,0,20,31,0,0,58,13,8,21,0,0,0
SRR6751283,743,97,42,907,0,57,216,58,43,0,0,0,9,11,0,19,0,0,0
SRR6751282,541,96,490,105,0,0,0,0,0,0,60,0,5,0,0,0,0,0,12
SRR6751285,592,0,166,577,0,0,183,21,60,30,0,0,0,0,0,0,0,0,0
SRR6751284,262,989,141,159,111,83,166,139,14,40,62,0,32,0,0,65,0,22,24
SRR6751287,301,0,253,213,90,0,0,0,31,99,0,101,59,44,0,0,0,0,0
SRR6751286,1081,191,0,221,0,0,4,0,42,0,0,0,10,0,0,0,0,0,0
SRR6751289,329,33,167,256,75,0,107,27,44,134,22,0,5,90,0,0,0,0,61
SRR6751288,289,483,123,645,0,112,0,0,52,191,0,25,46,40,0,0,0,0,57
SRR6751452,337,0,0,69,115,0,0,61,0,0,0,0,0,0,0,0,0,0,0
SRR6751453,370,530,200,637,0,0,0,0,39,0,0,0,43,0,0,0,0,0,0
SRR6751442,792,178,154,110,0,0,0,87,0,34,0,0,0,0,0,0,0,6,0
SRR6751443,754,0,513,176,0,0,0,0,0,30,0,0,0,0,0,0,0,0,0
SRR6751440,73,85,34,490,75,47,0,0,25,26,0,0,17,44,0,16,0,0,31
SRR6751441,0,0,8,53,0,0,173,0,24,0,0,0,0,10,23,0,0,0,0
SRR6751446,172,0,33,191,0,131,0,0,22,0,0,0,32,27,0,37,0,212,0
SRR6751447,709,37,190,215,0,0,109,0,0,0,0,13,6,0,0,0,0,0,0
SRR6751444,642,0,299,115,0,0,0,0,31,102,0,25,0,0,0,0,0,0,23
SRR6751445,848,0,123,0,0,0,0,0,0,0,0,0,19,0,0,0,0,0,21
SRR6751514,285,0,177,112,0,0,0,0,0,10,0,0,22,0,8,0,0,10,0
SRR6751513,751,0,61,49,0,0,0,0,0,29,0,17,0,0,0,0,0,0,18
SRR6751520,170,0,44,96,0,43,128,18,27,0,0,0,114,39,0,0,0,0,0
SRR6751519,575,143,0,196,54,74,79,56,26,32,35,0,0,150,0,0,0,30,0
SRR6751518,828,0,222,0,0,0,0,0,0,194,0,0,0,0,0,11,0,0,0
SRR6751517,0,0,28,219,69,283,0,124,99,0,84,0,0,68,5,0,0,0,0
SRR6751524,1003,193,130,297,0,14,0,0,25,178,0,43,0,0,0,0,0,0,0
SRR6751523,544,49,66,52,0,0,0,27,0,0,0,55,10,54,0,0,0,0,0
SRR6751522,766,0,103,152,0,0,99,0,0,0,0,0,0,0,0,0,0,0,0
SRR6751521,291,290,0,22,124,0,0,33,28,0,0,31,0,0,0,105,0,0,0
SRR6751660,121,0,0,48,0,0,0,0,0,10,0,59,0,64,0,20,0,0,22
SRR6751661,1498,0,0,49,0,0,0,45,0,0,0,0,129,0,0,0,0,0,0
SRR6751670,754,26,133,246,292,0,0,88,0,112,0,0,0,0,0,0,0,0,97
SRR6751671,252,0,32,207,0,0,76,0,0,29,0,14,0,0,0,44,0,0,12
SRR6751672,163,212,91,33,84,73,0,0,0,7,0,0,8,36,0,26,0,25,0
SRR6751673,365,96,51,54,0,361,0,0,0,0,0,0,0,0,0,22,0,0,8
SRR6751666,0,242,0,0,0,0,0,0,0,0,0,0,0,26,0,0,0,0,0
SRR6751667,748,0,151,220,0,0,0,0,0,0,0,10,0,0,0,0,0,0,0
SRR6751668,0,0,0,0,110,424,0,123,0,0,122,0,0,0,0,0,0,0,15
SRR6751669,0,80,0,82,0,11,0,81,0,0,48,0,0,0,0,0,0,0,0
SRR6751346,0,0,151,0,0,0,0,0,0,0,0,0,0,0,0,0,0,0,0
SRR6751345,242,0,173,550,131,0,215,0,0,0,0,0,0,0,0,23,0,0,0
SRR6751352,448,682,140,0,527,0,0,0,130,0,0,0,0,0,0,55,0,0,0
SRR6751351,386,69,0,0,0,0,0,247,0,0,62,0,43,47,0,0,0,0,0
SRR6751354,646,71,0,0,181,0,0,0,0,0,0,0,0,0,0,0,0,0,0
SRR6751353,877,126,0,165,0,0,0,0,0,0,0,0,0,0,0,0,0,0,0
SRR6751348,360,38,0,0,0,0,0,0,0,128,0,40,0,0,0,0,0,0,0
SRR6751347,249,38,102,0,0,0,0,0,0,0,0,31,0,0,0,0,0,0,36
SRR6751350,349,0,0,0,0,0,0,0,0,0,0,0,0,0,0,8,0,0,0
SRR6751349,392,50,0,87,0,0,419,0,0,0,0,0,0,0,0,64,0,0,0
SRR6751499,0,0,0,325,0,0,0,0,0,0,0,0,0,0,0,0,0,0,0
SRR6751500,0,0,0,242,0,0,149,0,0,284,0,0,0,0,0,0,0,0,0
SRR6751507,1238,0,288,0,0,0,0,0,0,0,0,0,0,0,0,0,0,0,0
SRR6751508,322,177,200,302,0,0,0,0,0,0,0,0,0,0,0,0,0,0,0
SRR6751505,464,189,132,0,0,115,0,0,0,78,0,0,41,0,0,0,0,0,0
SRR6751506,310,0,0,78,0,0,0,46,74,0,0,0,0,0,0,0,0,0,0
SRR6751503,744,0,82,114,0,0,0,0,0,5,0,24,0,0,0,0,0,0,0
SRR6751504,524,394,0,212,0,0,235,0,0,0,0,0,119,0,0,0,0,0,0
SRR6751501,0,0,52,77,0,0,157,0,13,0,29,0,0,0,132,72,0,0,0
SRR6751502,839,166,0,0,0,0,0,0,0,0,0,0,0,0,0,0,0,0,0
SRR6751590,164,76,22,0,0,0,0,0,0,0,0,0,0,0,0,0,0,0,0
SRR6751589,244,71,181,152,0,0,0,0,0,0,0,0,0,0,0,0,73,0,0
SRR6751588,446,304,0,0,0,0,0,0,0,0,0,0,50,29,0,35,0,0,13
SRR6751587,324,140,0,171,0,0,0,0,0,0,0,0,0,0,0,0,0,0,0
SRR6751586,0,1465,0,0,0,0,0,170,0,0,0,0,0,0,0,0,0,0,0
SRR6751585,498,0,208,61,0,0,0,172,0,24,44,0,0,22,0,0,0,0,0
SRR6751584,1181,0,0,393,0,0,0,0,0,0,0,0,0,0,0,0,0,0,0
SRR6751583,0,134,0,0,446,0,0,0,0,0,0,0,0,0,0,0,0,0,0
SRR6751582,0,126,105,254,0,0,0,0,0,0,0,0,0,0,0,0,0,5,0
SRR6751581,290,0,0,86,0,0,0,161,0,0,0,0,0,51,0,0,0,51,19
SRR6751175,626,0,0,105,0,0,0,0,73,0,0,0,0,0,0,0,0,0,0
SRR6751176,0,320,0,0,0,0,169,0,0,0,0,0,0,0,0,34,0,0,0
SRR6751177,0,183,0,198,0,0,0,0,0,211,0,50,0,0,0,0,0,0,0
SRR6751178,337,0,377,364,0,0,0,0,0,0,0,0,0,0,0,0,0,0,0
SRR6751179,0,436,0,0,0,0,0,0,0,0,0,14,0,0,0,0,0,0,0
SRR6751180,0,114,132,0,0,0,0,102,0,0,37,0,0,0,0,0,0,0,0
SRR6751181,97,0,0,0,94,0,0,0,0,35,0,0,0,0,0,0,0,0,0
SRR6751182,208,21,51,33,55,5,133,72,10,28,0,9,0,27,14,0,0,0,9
SRR6751183,706,0,423,68,0,9,0,0,30,25,0,7,0,0,0,0,0,0,0
SRR6751184,587,0,271,38,46,61,51,0,0,0,10,13,0,0,0,0,0,0,10
SRR6751167,483,516,2,0,0,94,0,48,4,0,0,2,0,0,14,0,0,0,0
SRR6751593,276,277,97,191,0,43,109,62,13,13,0,28,23,29,0,37,0,0,0
SRR6751594,643,2,157,573,0,0,0,0,0,56,0,30,4,0,18,0,0,4,164
SRR6751595,389,16,366,83,46,87,0,32,10,0,111,3,6,8,0,18,0,0,3
SRR6751596,635,122,0,155,0,0,77,0,16,0,0,0,0,0,0,0,0,0,0
SRR6751173,650,0,0,94,35,0,0,0,0,0,0,23,0,38,0,11,0,0,14
SRR6751174,455,0,873,50,0,208,0,0,0,136,31,8,0,0,0,0,0,0,0
SRR6751356,227,369,124,1106,0,38,176,10,33,55,0,0,27,0,17,0,0,0,0
SRR6751401,866,26,68,88,186,0,0,43,0,6,0,8,36,37,0,0,0,0,0
SRR6751451,96,0,60,369,17,0,69,72,39,0,26,28,36,51,30,0,0,0,0
SRR6751450,122,128,44,96,72,41,45,23,17,0,14,11,46,0,0,11,0,0,0
SRR6751449,311,0,250,403,0,15,91,20,17,0,0,20,18,0,0,0,0,0,0
SRR6751448,1240,0,0,7,0,0,0,0,0,0,0,7,0,0,0,0,0,0,0
SRR6751455,1560,50,0,216,83,28,28,5,0,11,0,9,0,12,19,13,0,0,0
SRR6751454,1199,172,211,1350,0,0,85,26,42,83,16,26,20,0,0,22,0,0,6
SRR6751530,127,951,0,65,205,15,50,60,14,0,0,15,30,57,13,0,0,0,7
SRR6751527,537,0,123,520,0,6,0,0,8,7,0,23,0,26,0,0,0,0,67
SRR6751528,37,78,16,16,57,145,41,21,0,10,137,5,13,0,0,0,0,0,23
SRR6751378,1037,0,102,786,57,193,151,213,30,29,43,29,26,663,0,0,0,4,43
SRR6751377,973,0,145,231,0,15,157,44,19,7,0,0,0,9,0,0,0,0,13
SRR6751373,244,0,86,338,30,107,76,11,35,19,0,6,95,13,0,11,0,0,0
SRR6751375,973,172,115,348,0,98,342,0,43,22,0,29,7,0,7,0,0,0,0
SRR6751240,259,6,16,270,42,0,136,67,155,165,0,0,20,26,13,0,0,0,0
SRR6751225,237,60,0,172,25,13,369,16,23,0,0,0,37,5,42,0,0,0,18
SRR6751227,226,236,142,60,0,36,39,39,23,11,23,27,0,16,0,28,0,0,62
SRR6751229,443,0,125,298,0,25,0,28,20,5,5,0,26,4,0,0,0,0,3
SRR6751228,277,277,0,111,121,35,84,5,0,0,0,32,21,75,0,26,0,0,0
SRR6751230,347,553,15,205,88,5,25,55,0,0,0,0,26,11,28,0,0,6,0
SRR6751231,741,0,132,610,0,0,0,26,0,14,0,27,0,33,0,10,0,0,15
SRR6751232,1176,0,407,227,0,17,0,0,0,6,0,45,7,0,6,0,0,32,15
SRR6751476,1832,0,0,0,0,0,0,0,0,2,0,0,0,0,0,0,0,0,0
SRR6751221,335,59,302,95,0,5,0,16,0,9,20,41,0,3,21,25,0,0,7
SRR6751215,747,86,0,320,0,60,0,27,14,6,0,49,35,13,0,28,0,0,0
SRR6751324,125,256,7,71,54,0,8,26,21,0,0,0,121,0,9,17,0,0,0
SRR6751323,754,122,158,182,0,0,58,0,0,21,0,50,5,7,0,16,0,13,14
SRR6751326,870,0,94,139,0,9,0,0,13,0,0,7,7,0,0,0,0,0,2
SRR6751325,611,17,0,134,0,0,55,37,2,11,19,0,27,0,53,4,0,0,0
SRR6751328,318,24,136,2028,0,22,361,22,22,121,0,2,192,0,0,0,0,0,8
SRR6751185,117,194,92,471,0,22,0,48,17,26,22,0,19,22,0,38,0,0,11
SRR6751243,43,61,47,174,0,58,0,133,0,0,235,13,0,48,0,69,0,0,0
SRR6751242,146,411,76,178,21,0,383,32,47,0,0,0,47,18,0,0,0,0,80
SRR6751169,567,329,114,134,13,75,260,21,15,14,0,69,12,63,3,0,0,0,69
SRR6751170,1080,6,61,81,172,0,0,0,0,0,128,5,0,25,0,0,0,0,13
SRR6751165,413,298,0,74,91,66,309,30,12,0,17,9,29,21,4,0,0,37,12
SRR6751166,468,5,18,85,3,49,97,37,21,7,12,11,9,37,0,56,0,9,0
SRR6751168,1138,110,171,112,153,124,0,0,0,5,0,143,287,137,0,158,0,0,141
SRR6751420,372,75,138,349,0,26,205,34,51,0,0,0,76,19,0,0,0,0,0
SRR6751162,783,157,0,275,120,50,209,0,19,16,99,54,0,19,0,0,0,0,157
SRR6751163,0,0,19,107,94,242,0,293,11,0,58,90,67,152,0,0,0,0,31
SRR6751164,880,0,546,83,0,4,0,0,0,0,0,0,0,9,0,0,0,0,0
SRR6751567,284,483,134,426,0,57,118,75,38,0,15,0,6,0,0,0,0,0,20
SRR6751566,622,164,327,91,0,39,139,94,26,40,0,0,0,9,6,0,0,0,0
SRR6751560,136,0,0,225,82,29,268,4,41,0,0,33,19,51,0,48,0,0,128
SRR6751559,348,0,13,115,327,26,118,236,19,3,53,0,3,90,404,109,0,21,0
SRR6751558,308,0,0,35,0,0,69,0,0,0,0,0,0,0,0,0,0,0,0
SRR6751557,316,145,126,280,34,69,0,67,22,12,0,29,0,12,4,0,0,0,0
SRR6751563,98,64,36,99,0,0,414,41,0,31,0,20,0,103,10,0,0,0,0
SRR6751562,244,407,172,129,230,14,55,96,3,7,0,0,67,109,0,0,0,0,0
SRR6751561,301,414,736,480,0,0,105,100,0,70,37,33,0,44,0,0,0,0,27
SRR6751132,766,463,3,96,56,90,164,0,0,0,0,67,25,51,55,58,0,0,0
SRR6751133,358,166,512,514,0,251,142,140,28,29,53,61,13,0,5,0,0,0,81
SRR6751137,30,204,67,238,0,0,60,15,24,7,22,100,0,99,0,114,0,0,14
SRR6751138,1288,0,0,0,0,0,0,0,0,0,0,0,0,0,0,0,0,0,0
SRR6751135,414,0,108,160,0,17,0,98,0,10,0,4,21,56,0,12,0,0,2
SRR6751136,520,0,74,185,0,12,0,0,0,0,0,26,0,0,0,0,0,32,38
SRR6751141,202,76,77,222,136,24,22,56,24,11,0,14,66,15,0,0,0,0,0
SRR6751142,1219,42,328,496,0,31,0,9,0,29,0,17,27,45,0,23,0,125,35
SRR6751139,489,0,585,483,0,20,0,0,0,0,0,0,0,0,4,0,0,0,0
SRR6751140,385,64,349,444,0,9,113,0,21,6,0,4,18,0,0,0,0,0,0
SRR6751294,61,63,188,420,7,29,122,84,24,224,27,11,14,39,0,0,0,0,3
SRR6751341,2902,0,211,226,0,0,0,0,0,0,0,0,0,0,0,0,0,0,0
SRR6751296,233,0,51,45,33,21,0,33,19,18,0,44,43,38,0,34,0,0,0
SRR6751295,1037,119,117,625,0,0,0,0,8,0,0,19,25,6,0,14,0,0,0
SRR6751298,255,446,38,87,96,23,82,73,0,34,23,0,93,0,0,0,0,0,0
SRR6751297,115,0,196,524,0,0,204,146,17,69,0,11,4,10,0,0,0,0,0
SRR6751300,468,0,170,85,0,0,0,0,0,0,0,0,0,0,0,0,0,0,0
SRR6751299,599,0,747,371,26,0,130,32,10,50,17,9,21,0,0,0,0,0,0
SRR6751302,1332,0,411,733,0,0,0,4,0,134,0,7,37,8,0,10,0,0,0
SRR6751301,294,80,68,126,17,89,119,23,0,14,25,7,39,23,0,0,0,0,0
SRR6751313,1149,0,73,17,27,0,0,0,0,0,0,0,0,0,0,0,0,0,0
SRR6751314,663,86,27,477,5,47,453,19,36,4,0,0,19,0,0,15,0,0,15
SRR6751309,286,238,9,61,105,24,14,55,0,0,68,42,34,23,18,18,0,0,0
SRR6751310,610,0,67,96,265,0,32,0,0,30,0,0,24,8,23,12,0,0,0
SRR6751311,643,0,147,73,0,4,0,0,0,6,0,9,35,2,0,6,0,0,0
SRR6751312,920,65,123,1026,0,43,0,29,14,0,0,25,5,0,0,0,0,18,9
SRR6751305,433,90,38,467,0,28,171,8,58,0,6,31,17,45,6,21,0,0,0
SRR6751306,952,5,24,221,0,0,2,0,44,0,0,0,0,0,0,0,0,0,0
SRR6751307,487,0,586,119,19,0,0,18,9,0,17,0,13,0,0,19,0,0,0
SRR6751308,1387,34,242,319,8,13,0,0,0,0,0,0,0,31,21,29,0,0,0
SRR6751467,435,7,172,538,174,5,0,54,0,0,52,30,39,18,18,0,0,0,11
SRR6751466,2573,0,0,29,0,0,0,0,5,0,0,12,0,0,0,0,0,0,0
SRR6751471,155,63,25,622,0,26,251,61,84,58,0,0,29,14,11,0,0,0,0
SRR6751470,280,181,286,889,0,20,261,0,0,29,0,60,4,0,14,0,0,0,52
SRR6751469,455,193,174,366,31,36,137,27,16,220,21,0,16,0,0,23,0,0,19
SRR6751468,79,358,0,12,0,0,133,14,19,0,0,0,16,6,0,11,0,0,2
SRR6751475,280,0,75,90,52,25,0,51,29,0,0,0,49,3,334,0,0,0,0
SRR6751474,852,59,0,352,0,0,0,0,0,0,0,0,0,6,0,0,0,0,0
SRR6751473,215,442,214,430,16,17,262,12,28,40,0,50,19,5,21,15,0,0,92
SRR6751625,278,230,277,99,22,4,0,0,34,0,0,14,8,0,0,11,0,0,0
SRR6751626,356,24,18,859,0,135,0,0,51,17,0,8,104,41,0,36,0,4,102
SRR6751633,185,67,217,185,26,348,57,33,22,12,18,52,38,32,4,0,0,80,32
SRR6751634,152,0,0,46,155,138,0,63,0,0,0,34,9,0,86,0,0,0,0
SRR6751383,278,11,362,299,32,81,116,149,63,31,30,0,13,25,41,0,0,0,0
SRR6751632,290,127,172,467,0,18,0,42,28,73,60,0,0,0,0,0,0,0,0
SRR6751629,753,0,914,417,0,4,0,0,0,84,0,3,0,5,0,8,0,3,0
SRR6751630,213,605,170,220,0,219,95,5,28,24,0,0,7,37,13,53,0,0,40
SRR6751627,373,598,157,347,0,151,71,0,42,15,0,6,0,19,0,0,0,0,35
SRR6751628,650,67,311,287,0,0,0,0,2,119,0,30,14,0,0,0,0,0,9
SRR6751214,557,0,417,321,0,22,0,22,0,17,4,13,54,27,0,13,0,0,12
SRR6751213,1938,0,154,23,0,0,0,0,0,0,0,0,0,0,0,0,0,0,0
SRR6751220,471,10,76,119,0,40,0,22,0,4,0,20,0,0,0,0,0,26,14
SRR6751219,997,0,0,1130,0,41,0,9,0,22,0,17,70,10,0,29,0,0,166
SRR6751222,282,62,146,298,60,23,81,120,7,5,0,13,14,9,10,20,0,0,14
SRR6751211,380,127,0,193,39,56,182,9,0,0,0,12,10,12,0,13,0,0,0
SRR6751216,517,0,81,248,0,139,0,8,0,0,14,44,6,28,0,39,0,0,68
SRR6751197,48,70,149,585,0,0,0,136,35,455,0,0,0,100,0,0,0,0,0
SRR6751218,215,443,0,319,25,8,81,75,34,9,30,6,7,0,14,25,0,0,0
SRR6751217,621,0,61,888,30,51,61,25,0,0,0,5,53,15,0,0,0,0,0
SRR6751250,225,26,121,295,29,0,0,0,12,0,0,0,0,0,0,0,4,0,6
SRR6751251,1076,0,117,560,24,117,0,24,28,66,0,56,22,26,0,12,0,0,33
SRR6751252,250,24,0,126,34,0,22,20,12,0,0,10,30,5,0,0,0,0,0
SRR6751253,537,410,49,228,0,0,0,36,0,0,0,5,0,12,28,0,0,0,0
SRR6751254,215,66,285,590,0,25,51,0,0,0,8,0,26,7,6,0,0,0,0
SRR6751255,567,401,232,529,13,7,73,0,24,0,4,30,0,15,0,0,0,0,0
SRR6751256,196,0,54,106,0,42,36,11,0,0,0,92,4,2,0,0,0,0,25
SRR6751257,416,0,0,16,29,0,0,0,0,0,0,0,7,0,0,0,0,0,0
SRR6751258,363,0,0,263,0,0,0,0,0,0,0,0,7,0,0,0,0,0,0
SRR6751259,1230,78,257,195,0,10,0,42,0,0,0,0,0,0,3,0,0,0,0
SRR6751385,571,0,46,14,40,44,0,0,0,0,0,35,32,0,0,0,0,4,30
SRR6751399,500,277,434,196,0,22,0,0,33,0,0,0,16,0,7,0,0,0,0
SRR6751398,175,171,109,290,73,19,180,4,25,70,10,25,21,7,0,0,0,0,39
SRR6751397,380,0,333,798,0,0,0,0,0,0,0,0,0,0,0,4,0,0,0
SRR6751396,293,76,216,96,0,0,0,0,5,10,0,14,16,0,7,10,0,0,0
SRR6751394,194,350,31,199,18,26,0,432,0,0,0,4,38,119,7,197,0,0,0
SRR6751395,63,33,43,74,90,8,82,10,34,20,49,12,11,0,0,12,0,0,2
SRR6751393,261,880,86,567,132,102,3,14,0,26,35,25,17,16,5,9,0,0,0
SRR6751392,632,172,74,272,0,27,395,0,23,0,0,0,4,0,0,0,0,0,0
SRR6751546,642,0,201,425,0,22,68,0,0,26,0,29,0,0,0,0,0,0,9
SRR6751539,194,14,144,109,10,0,0,0,24,0,4,0,7,15,0,0,0,0,0
SRR6751540,749,20,229,95,0,26,9,57,0,145,0,30,22,0,0,4,0,0,11
SRR6751537,66,487,0,95,31,0,3,0,62,0,0,0,0,0,0,0,0,0,46
SRR6751538,252,335,82,82,37,9,35,0,11,77,0,14,69,0,11,0,0,0,0
SRR6751543,491,358,79,300,0,3,41,26,16,30,147,126,6,20,15,2,0,0,191
SRR6751544,1208,250,172,476,0,4,203,0,111,302,0,0,0,0,5,0,0,9,12
SRR6751541,1376,0,239,84,39,20,0,0,57,146,0,0,119,23,0,30,0,0,0
SRR6751200,367,211,10,184,0,0,0,29,0,0,0,6,21,24,27,18,0,0,4
SRR6751201,899,0,31,74,0,28,0,0,13,0,0,0,9,3,0,0,0,0,0
SRR6751202,250,79,50,60,0,0,0,45,0,0,0,0,0,0,0,0,0,0,11
SRR6751203,432,0,795,465,0,20,0,0,0,13,0,3,0,0,0,0,0,0,0
SRR6751204,423,0,734,147,0,21,0,0,0,25,97,22,9,24,0,0,0,0,31
SRR6751205,26,161,299,132,0,26,0,2,15,0,0,0,12,0,8,0,0,0,0
SRR6751206,496,65,323,127,0,9,0,38,0,0,0,0,0,36,0,24,0,0,0
SRR6751207,557,91,0,126,0,31,41,0,0,0,0,0,33,9,14,5,0,0,0
SRR6751208,164,437,0,297,0,0,57,62,40,69,0,17,0,20,0,22,0,13,27
SRR6751209,563,0,51,0,0,0,0,0,12,108,5,0,0,0,0,0,0,0,0
SRR6752244,314,132,22,183,27,83,4,11,207,0,23,4,2,22,0,0,0,4,0
SRR6752424,985,114,114,203,343,0,0,89,0,6,438,2,74,19,0,37,0,0,0
SRR6752423,910,131,240,567,189,0,0,8,10,0,286,21,50,22,0,37,0,0,7
SRR6752680,144,348,291,269,17,60,54,0,70,29,7,0,94,7,0,0,0,0,162
SRR6752679,299,49,4,174,0,0,39,0,0,0,0,0,10,0,66,0,0,0,0
SRR6752683,332,41,768,241,0,2,20,0,22,0,0,2,22,0,0,8,0,0,0
SRR6752682,377,0,43,272,12,0,36,0,21,17,0,37,19,11,0,0,0,9,0
SRR6752685,492,127,176,178,46,9,13,61,20,84,0,33,0,9,7,0,0,36,35
SRR6752684,150,118,134,303,0,0,151,127,24,6,51,18,0,0,0,0,0,0,0
SRR6752688,2151,0,35,694,0,0,0,0,26,0,0,0,0,48,0,41,0,0,0
SRR6752687,398,293,702,1022,0,0,37,68,72,161,0,45,0,70,0,0,0,0,9
SRR6752620,840,189,486,617,0,0,0,0,5,0,0,0,0,43,0,0,0,0,4
SRR6752621,0,0,0,156,54,173,58,60,94,0,0,5,22,37,5,0,0,0,14
SRR6752485,1083,0,3771,143,0,0,0,0,7,0,0,0,0,0,0,12,0,0,4
SRR6752488,573,0,5,0,0,0,0,0,0,0,0,0,0,0,0,0,0,0,0
SRR6752483,543,159,517,400,0,0,0,0,0,15,0,0,4,6,0,0,0,17,0
SRR6752484,1034,0,1945,70,61,5,18,0,0,0,0,0,0,0,0,54,0,0,0
SRR6752498,4532,0,0,6,0,19,0,0,0,0,0,0,0,0,0,0,0,0,0
SRR6752499,332,0,0,245,0,688,0,0,10,0,0,0,0,0,0,0,0,0,0
SRR6752500,301,0,115,360,0,57,24,50,148,0,0,0,0,20,0,7,0,101,17
SRR6752497,614,35,185,132,0,69,0,20,0,6,9,9,9,25,0,24,0,126,17
SRR6752135,294,27,289,269,0,210,0,72,31,0,17,14,26,43,0,21,10,197,27
SRR6752134,331,0,0,32,0,70,11,62,0,0,0,27,11,15,0,0,0,8,22
SRR6752133,1633,0,1843,175,0,0,0,0,0,0,0,0,0,0,0,0,0,0,0
SRR6752132,2353,111,4160,1511,0,19,0,198,0,0,0,61,0,0,6,0,0,0,44
SRR6752131,434,0,0,37,0,7,0,0,4,0,0,0,0,0,22,0,0,3,0
SRR6752130,500,0,1407,201,0,0,20,0,0,0,0,0,0,0,0,0,0,0,0
SRR6752129,827,0,481,383,25,11,0,21,17,61,0,0,9,27,0,85,0,70,8
SRR6752128,896,0,344,137,0,24,0,165,53,0,204,0,5,0,19,0,0,0,0
SRR6752127,944,0,72,107,454,0,23,0,14,0,0,0,7,0,0,0,0,0,0
SRR6752126,1022,385,1483,1724,54,19,57,122,38,496,46,23,0,4,0,11,0,0,8
SRR6752351,978,68,0,158,0,135,87,0,0,0,0,0,0,0,6,0,0,0,0
SRR6752352,139,0,504,198,0,10,0,82,0,0,0,0,0,0,0,0,0,0,0
SRR6752293,370,39,343,645,0,0,17,0,47,0,0,0,0,5,0,0,0,0,24
SRR6752294,931,0,172,248,46,7,0,39,0,0,0,0,9,53,0,0,0,0,4
SRR6752295,266,32,208,126,167,103,16,0,7,6,93,16,0,42,0,20,0,48,23
SRR6752296,15,0,0,14,65,3226,0,15,0,0,0,5,61,19,0,40,0,0,0
SRR6752297,6467,104,31,582,0,0,0,0,139,0,0,0,11,0,11,0,0,0,8
SRR6752298,326,324,64,219,136,32,50,142,34,7,420,0,23,30,0,27,0,0,15
SRR6752299,198,86,59,108,75,88,13,205,0,0,30,0,20,12,0,0,0,0,25
SRR6752300,294,177,78,87,138,78,0,52,56,8,4,9,12,47,0,0,0,0,0
SRR6752563,1163,129,49,316,69,107,30,18,0,49,24,3,6,25,0,55,0,0,3
SRR6752103,877,101,299,238,0,22,24,18,10,14,31,7,0,0,0,6,0,0,0
SRR6752203,1558,12,387,233,0,84,20,9,0,0,0,4,0,0,0,0,0,2,7
SRR6752098,364,17,163,153,66,55,0,252,36,77,0,0,44,40,77,27,0,0,7
SRR6752212,320,247,0,409,136,38,0,116,123,5,11,0,10,0,0,26,0,0,0
SRR6752206,633,0,344,96,126,43,2,9,46,38,95,14,0,0,0,0,0,0,7
SRR6752095,1286,108,1015,250,25,30,60,47,182,24,0,0,0,0,0,0,0,31,12
SRR6752094,516,0,61,43,0,13,36,25,45,0,0,0,24,16,0,0,0,0,0
SRR6752097,287,74,278,130,0,99,48,161,23,0,0,18,0,44,0,22,0,45,28
SRR6752096,400,97,521,79,215,139,0,63,0,0,0,15,23,0,0,0,0,9,19
SRR6752543,446,116,776,381,0,42,62,5,102,203,4,8,0,0,6,0,0,0,15
SRR6752558,825,2,274,105,30,31,0,16,28,0,15,11,22,20,0,0,2,0,2
SRR6752675,462,29,129,58,0,25,0,22,35,0,0,0,3,13,23,28,0,30,13
SRR6752681,1352,423,113,146,22,247,80,4,40,14,0,31,0,0,0,0,0,0,106
SRR6752559,827,16,213,298,0,8,0,0,0,40,0,23,5,0,0,0,0,0,0
SRR6752562,728,0,254,119,0,188,0,0,0,0,0,6,0,0,0,3,0,0,7
SRR6752556,695,42,50,231,40,0,0,104,13,0,49,14,13,33,0,34,3,4,14
SRR6752557,470,0,370,269,76,0,0,9,2,4,0,15,0,10,10,16,0,0,0
SRR6752609,455,224,0,277,0,159,32,6,68,10,0,6,0,29,44,0,2,0,0
SRR6752553,3750,0,15,103,0,70,0,0,7,0,0,0,0,0,0,0,0,0,0
SRR6752689,192,0,5,85,66,15,37,23,0,0,0,0,15,27,6,7,0,0,0
SRR6752690,319,207,65,160,38,212,93,204,0,4,0,0,20,20,78,0,0,0,0
SRR6752697,547,0,353,129,46,0,0,9,2,7,7,3,0,0,0,3,44,0,8
SRR6752698,187,9,0,80,38,104,0,28,24,0,0,0,4,49,28,0,0,0,0
SRR6752695,853,567,84,94,303,0,39,44,18,6,44,6,9,30,7,18,0,139,0
SRR6752696,858,0,64,75,52,488,0,37,0,0,0,0,22,0,0,0,0,0,10
SRR6752693,527,136,804,354,0,220,53,0,138,17,11,5,0,7,0,9,0,0,5
SRR6752694,426,55,342,124,0,5,0,181,18,10,22,11,2,42,0,2,0,0,0
SRR6752691,261,0,165,41,0,70,0,29,0,3,0,3,3,2,0,0,0,5,12
SRR6752692,1107,445,107,787,16,77,0,12,21,16,0,0,11,0,0,0,0,3,0
SRR6752518,332,299,334,335,36,73,90,39,90,28,44,44,26,13,2,18,0,0,9
SRR6752517,1017,0,351,186,0,0,0,0,3,22,0,40,5,4,0,0,0,0,25
SRR6752514,687,55,117,208,61,47,84,0,5,16,52,50,21,32,10,67,0,43,9
SRR6752513,844,628,26,310,122,429,0,39,58,0,37,0,16,0,29,0,0,0,0
SRR6752516,496,0,120,97,38,93,0,5,0,14,11,0,0,5,0,0,0,0,189
SRR6752515,1065,82,98,143,50,5,58,0,24,3,0,4,0,14,0,30,6,0,54
SRR6752510,268,601,351,114,0,0,0,39,39,0,34,0,0,6,0,0,0,0,0
SRR6752509,656,0,422,472,0,0,0,0,0,33,0,6,0,3,0,4,0,6,20
SRR6752541,378,105,120,56,0,36,0,15,36,6,0,10,8,15,34,0,1463,0,0
SRR6752539,993,64,38,212,68,13,0,205,0,0,20,0,0,170,0,14,0,0,3
SRR6752400,307,146,380,574,0,2,0,38,38,120,0,30,0,4,0,0,9,0,0
SRR6752401,329,444,112,235,37,20,23,28,104,0,0,7,0,50,2,25,0,0,5
SRR6752396,1051,49,489,375,0,354,0,10,15,8,0,17,23,9,12,0,0,0,0
SRR6752397,176,580,20,207,31,0,0,14,82,4,0,0,50,19,25,24,0,0,24
SRR6752398,518,166,420,95,71,25,0,134,15,76,0,0,50,14,0,26,3,0,10
SRR6752399,514,126,64,102,120,22,0,65,74,0,8,21,6,16,4,0,0,0,0
SRR6752392,835,0,303,329,49,31,55,12,19,76,0,0,4,19,25,49,0,0,0
SRR6752393,509,31,261,216,18,2,26,40,17,0,22,3,0,3,0,0,0,0,0
SRR6752136,801,0,301,151,0,44,50,3,16,0,0,0,0,9,63,0,0,7,5
SRR6752395,180,0,286,208,76,77,0,180,33,101,21,21,69,35,95,0,0,0,8
SRR6752223,309,110,78,271,72,25,49,146,75,0,23,13,9,9,0,47,0,0,0
SRR6752222,824,56,389,113,25,51,0,21,23,41,99,11,18,0,0,24,0,0,217
SRR6752217,444,64,63,364,0,8,52,41,192,19,0,6,4,6,8,9,3,12,14
SRR6752216,381,470,30,22,0,36,0,10,8,0,0,0,0,0,0,26,4,0,0
SRR6752215,227,228,179,390,0,18,82,64,25,21,0,0,3,19,3,25,0,30,44
SRR6752214,141,115,131,92,249,143,12,38,6,0,17,15,22,16,0,0,0,0,23
SRR6752221,334,63,583,250,22,10,17,0,88,82,0,5,0,10,0,0,0,0,16
SRR6752220,847,48,221,100,0,145,22,10,18,0,0,0,0,0,51,0,0,0,0
SRR6752219,333,0,0,145,39,62,0,47,33,0,22,16,3,19,0,15,0,14,15
SRR6752218,1272,227,151,194,0,555,66,37,19,4,7,31,0,4,0,0,0,0,56
SRR6752192,332,88,283,212,20,38,36,17,49,39,0,25,0,2,0,18,0,12,9
SRR6752362,676,64,122,106,13,53,0,30,11,0,0,0,3,0,0,4,0,0,6
SRR6752377,530,59,131,130,19,8,0,100,0,8,0,22,13,0,14,0,9,23,25
SRR6752378,676,6,28,725,55,20,0,0,10,2,0,0,0,0,7,17,0,0,0
SRR6752158,362,407,59,336,0,112,71,34,64,11,0,0,0,0,60,0,0,0,0
SRR6752159,2475,0,87,540,0,0,24,16,18,44,0,0,0,0,7,3,0,0,3
SRR6752164,387,0,1002,99,65,35,48,34,83,0,5,4,3,0,59,13,3,12,0
SRR6752165,587,272,121,195,38,222,33,93,117,0,0,10,0,13,68,0,0,0,0
SRR6752162,591,67,751,221,130,0,0,83,0,34,0,0,0,5,0,0,0,0,0
SRR6752163,148,0,93,304,0,25,0,0,49,0,0,4,6,0,0,0,0,0,0
SRR6752595,455,656,88,255,58,14,0,60,18,7,53,12,9,19,0,0,0,76,3
SRR6752594,686,0,293,117,39,215,27,40,0,13,17,3,10,0,0,0,0,0,0
SRR6752632,416,128,910,395,24,196,62,33,14,20,0,9,15,8,64,11,0,0,9
SRR6752631,239,101,281,281,26,61,65,112,96,21,19,10,24,19,3,0,0,0,0
SRR6752634,1482,21,147,50,34,0,0,21,0,2,0,0,3,0,0,0,0,8,0
SRR6752633,371,330,46,297,31,83,34,15,20,12,0,0,18,0,158,0,0,7,0
SRR6752636,338,219,954,364,104,40,0,18,52,26,69,25,34,23,5,26,0,0,10
SRR6752635,442,7,261,155,135,151,33,9,26,24,30,0,28,26,0,116,0,0,0
SRR6752597,224,610,130,390,74,332,31,28,58,0,11,8,23,6,59,0,0,0,3
SRR6752596,815,0,208,227,0,51,6,0,26,13,11,0,0,10,0,10,0,2,5
SRR6752537,583,17,40,125,167,88,55,77,25,0,0,18,0,8,8,38,0,0,16
SRR6752538,651,173,293,358,0,216,83,31,38,0,26,0,0,0,0,7,0,0,3
SRR6752529,773,0,559,258,0,0,34,0,8,41,0,14,0,0,13,0,0,33,103
SRR6752530,293,75,172,56,0,72,40,22,28,0,4,0,0,3,10,0,721,0,0
SRR6752531,1309,32,82,80,76,6,22,147,0,15,164,15,6,72,11,10,0,0,0
SRR6752532,590,0,391,189,0,38,3,10,2,10,0,15,12,7,0,7,0,0,9
SRR6752533,255,216,113,162,362,0,0,109,76,2,0,8,15,51,0,104,0,0,0
SRR6752534,511,94,453,149,185,61,17,52,10,15,0,28,36,39,0,24,0,0,0
SRR6752535,223,298,155,236,75,43,0,11,118,22,0,25,22,53,34,144,0,0,42
SRR6752536,522,124,0,131,100,0,0,0,0,0,0,0,0,15,0,16,0,0,0
SRR6752147,183,107,40,121,0,0,0,137,91,0,0,55,9,0,0,0,0,0,0
SRR6752608,579,0,0,36,154,0,0,0,0,0,0,0,0,0,21,0,0,0,0
SRR6752337,709,0,646,390,0,0,0,0,27,0,0,0,0,0,0,0,0,0,0
SRR6752336,249,0,22,90,0,318,0,0,0,0,0,23,0,0,0,0,0,21,7
SRR6752335,546,0,679,422,50,29,0,0,31,357,11,14,0,0,0,0,0,0,9
SRR6752334,268,192,44,125,0,0,0,40,0,0,77,0,15,27,0,0,0,0,0
SRR6752333,555,0,107,281,0,36,23,0,62,0,0,32,8,30,0,46,0,0,31
SRR6752332,1541,142,68,144,0,0,3,0,0,0,0,0,0,0,0,0,0,0,0
SRR6752179,110,103,62,117,0,107,0,45,16,38,0,0,0,0,0,0,0,0,0
SRR6752177,0,261,100,233,2,0,142,0,87,24,0,0,13,0,0,0,0,0,35
SRR6752242,0,8,71,109,20,63,35,46,21,0,0,24,37,50,0,0,0,0,16
SRR6752243,97,0,180,189,6,0,0,0,150,79,0,13,0,0,95,0,0,0,0
SRR6752240,1312,5,136,0,0,0,0,0,21,0,0,0,0,0,7,0,0,0,0
SRR6752241,359,0,60,132,0,0,0,54,20,0,0,19,0,0,0,0,0,0,33
SRR6752238,169,96,0,33,99,2268,0,73,12,0,0,0,14,0,0,0,0,0,0
SRR6752239,363,30,249,136,0,12,0,0,3,23,0,0,0,0,0,0,0,0,0
SRR6752236,1083,0,102,111,42,200,0,0,0,0,88,4,8,0,0,0,0,0,0
SRR6752237,535,0,315,429,0,30,0,142,7,0,0,11,26,0,0,0,0,0,34
SRR6752234,614,0,145,260,0,21,0,15,3,5,0,12,0,0,0,0,0,0,0
SRR6752235,64,9,0,428,0,40,72,47,70,0,0,0,0,37,0,0,0,0,0
SRR6752718,1696,0,89,447,0,0,0,0,85,7,0,19,0,0,0,0,0,0,0
SRR6752717,735,0,87,134,0,0,37,0,9,0,0,0,0,0,0,0,0,0,0
SRR6752394,1594,0,87,128,0,0,0,0,69,0,0,0,0,14,0,0,0,0,0
SRR6752713,88,0,0,101,556,0,0,40,9,0,0,5,21,0,0,0,0,0,0
SRR6752716,670,0,66,265,0,31,178,0,32,9,78,2,14,33,0,39,0,0,0
SRR6752715,522,169,98,307,0,38,0,3,80,0,0,0,0,19,0,0,0,0,0
SRR6752710,876,0,197,49,0,51,0,73,0,15,0,0,0,0,0,0,0,0,3
SRR6752709,63,268,0,444,0,0,181,0,69,0,0,8,32,0,0,0,0,0,8
SRR6752712,503,48,59,403,0,48,88,94,107,0,0,19,21,6,0,0,0,0,8
SRR6752711,441,0,183,0,106,0,0,44,0,0,0,0,9,54,0,0,0,0,0
SRR6752482,549,0,106,625,24,0,0,30,40,19,0,0,14,0,129,6,0,0,0
SRR6752481,303,3,500,220,47,147,0,110,19,28,126,12,54,19,0,0,0,0,0
SRR6752476,1261,0,1592,730,0,0,0,0,0,0,0,0,10,0,0,0,0,4,0
SRR6752475,131,0,28,120,77,337,75,49,25,18,9,0,38,5,82,6,0,0,0
SRR6752474,84,81,158,863,0,9,0,43,191,0,0,0,0,0,0,0,0,0,0
SRR6752473,1244,52,29,270,0,36,5,0,15,0,0,0,0,0,0,0,0,37,11
SRR6752480,472,0,7,0,0,34,0,0,0,0,0,0,4,6,0,0,0,0,0
SRR6752479,341,78,99,316,0,64,0,0,13,0,0,0,0,0,0,0,0,0,0
SRR6752478,376,34,398,361,0,13,0,0,0,40,0,0,0,3,0,6,0,4,18
SRR6752477,57,0,0,0,0,0,0,63,56,0,0,8,0,0,0,0,9,0,0
SRR6752659,3984,18,0,192,0,0,0,0,7,17,0,0,88,0,0,0,0,0,0
SRR6752660,324,56,752,614,0,37,15,0,0,0,9,0,0,65,0,0,0,0,4
SRR6752655,612,88,163,322,4,0,0,113,27,0,0,0,0,185,0,0,0,0,0
SRR6752656,211,57,33,34,0,54,0,138,0,0,0,0,45,0,0,0,0,0,0
SRR6752657,100,0,0,687,0,5,112,0,485,129,0,0,13,0,0,0,0,0,94
SRR6752658,85,0,0,121,918,161,0,37,18,3,1485,9,18,20,0,50,0,0,5
SRR6752651,293,297,1033,401,33,73,59,42,17,35,3,0,30,0,0,0,0,4,5
SRR6752652,2005,58,137,511,79,0,0,0,35,101,0,8,26,0,0,0,0,0,5
SRR6752653,973,0,147,82,44,0,0,34,6,81,0,0,0,0,0,0,0,0,0
SRR6752654,3745,0,0,152,0,0,47,0,0,0,0,4,0,0,0,0,0,0,0
SRR6752100,255,70,77,526,33,0,237,16,60,21,49,13,0,0,0,9,0,30,49
SRR6752099,595,0,0,445,123,50,0,87,43,0,0,7,26,0,0,0,0,4,15
SRR6752676,1589,0,77,154,0,18,0,0,49,154,0,10,18,0,0,0,0,0,0
SRR6752674,1595,5,1323,87,0,0,0,0,0,0,0,0,0,0,0,0,0,0,0
SRR6752678,352,784,38,352,0,0,3,0,73,0,0,28,13,29,0,34,0,0,0
SRR6752677,502,0,332,63,0,0,0,0,9,0,0,9,0,0,0,0,0,0,0
SRR6752622,638,0,235,134,0,0,3,0,0,44,0,19,7,4,30,0,0,0,0
SRR6752104,583,24,268,487,62,34,60,0,0,21,0,25,0,0,0,0,0,0,0
SRR6752107,51,0,119,275,28,4,51,72,24,0,7,0,8,0,2,0,0,20,18
SRR6752106,336,111,140,130,0,264,54,92,12,67,24,0,0,0,9,0,0,0,0
SRR6752283,826,0,950,510,0,11,0,0,82,29,0,27,6,21,0,21,0,0,102
SRR6752284,96,30,186,85,0,17,24,80,110,0,0,28,0,4,155,0,0,0,0
SRR6752291,699,169,194,569,34,0,169,0,9,9,22,21,0,0,0,0,0,0,0
SRR6752292,1364,11,1581,959,0,0,9,0,41,0,0,0,0,0,0,0,0,8,0
SRR6752289,162,526,0,832,36,0,265,10,47,42,12,0,0,0,0,0,0,0,0
SRR6752290,0,6,3,145,28,100,0,55,51,0,21,2,36,7,217,0,0,44,0
SRR6752287,146,0,684,162,0,106,0,5,0,3,16,0,14,0,0,24,0,0,24
SRR6752288,187,292,0,336,0,125,83,3,0,0,0,0,0,27,0,0,0,0,0
SRR6752285,299,593,134,221,0,133,76,36,112,9,0,0,10,16,0,27,0,0,0
SRR6752286,395,82,0,348,59,12,57,21,25,0,0,8,28,31,19,0,0,0,0
SRR6752347,3435,0,0,1633,0,9,251,0,104,148,0,0,0,0,0,0,0,0,0
SRR6752346,73,0,0,253,333,41,70,52,130,0,0,0,7,0,164,0,0,0,0
SRR6752345,62,85,44,89,0,10,0,0,42,0,0,6,0,0,0,6,0,0,0
SRR6752344,4937,0,0,578,0,0,0,0,0,0,0,0,84,12,0,0,0,0,0
SRR6752343,1146,129,38,617,164,51,39,76,6,0,0,89,0,0,0,0,0,0,0
SRR6752342,31,35,12,29,0,85,14,43,16,0,0,9,7,0,0,0,0,0,0
SRR6752341,564,193,53,155,14,285,0,0,19,5,0,16,0,0,4,0,0,0,0
SRR6752340,320,16,0,312,0,61,0,0,0,19,0,41,19,11,0,0,0,0,11
SRR6752339,509,191,98,477,27,34,45,0,154,0,0,47,103,111,0,99,0,12,34
SRR6752338,676,263,75,330,43,0,0,0,0,0,0,0,0,0,0,0,0,0,16
SRR6752584,515,0,12,0,117,325,0,0,0,0,0,15,0,70,0,205,0,0,96
SRR6752585,627,0,130,177,37,43,75,50,68,59,3,11,103,12,0,0,0,0,4
SRR6752204,248,0,0,451,36,0,0,10,61,28,0,0,24,6,7,0,0,0,0
SRR6752205,292,0,0,221,24,195,0,21,0,0,66,3,0,36,0,0,0,0,0
SRR6752181,2155,45,214,416,0,0,231,0,60,90,0,23,0,0,0,0,0,0,31
SRR6752208,815,58,713,220,0,61,15,18,0,0,0,0,0,0,0,0,0,0,0
SRR6752209,1003,0,24,542,0,0,0,0,0,0,0,0,0,0,0,0,0,18,0
SRR6752210,785,742,0,39,134,76,0,159,0,0,0,6,17,0,0,52,0,0,0
SRR6752211,600,0,108,359,0,0,0,60,31,18,0,8,20,75,0,0,0,0,9
SRR6752213,308,33,14,241,0,0,0,271,0,0,144,0,45,11,0,0,0,0,0
SRR6752649,83,70,239,188,25,20,0,72,26,67,0,0,25,20,0,0,0,0,48
SRR6752648,129,0,6,65,126,113,0,267,9,0,7,29,65,41,15,19,0,0,14
SRR6752640,69,28,69,108,57,69,31,54,12,0,18,15,6,42,0,0,0,0,0
SRR6752639,1500,0,98,420,0,27,30,15,15,13,0,0,29,58,0,69,0,0,2
SRR6752642,462,67,185,116,11,0,0,38,10,6,57,9,6,0,0,2,0,0,0
SRR6752641,1524,0,506,409,0,0,0,0,0,0,0,0,0,0,0,0,0,0,0
SRR6752644,81,0,23,230,40,74,43,630,64,32,13,14,99,44,157,42,0,0,6
SRR6752643,292,43,0,522,129,59,0,161,106,0,12,0,13,0,0,57,0,0,0
SRR6752646,927,0,500,159,14,21,0,0,49,91,0,0,3,0,0,0,0,0,0
SRR6752645,468,104,116,768,17,25,58,100,297,49,0,6,0,7,21,0,0,39,27
SRR6752402,668,0,15,19,0,26,0,0,0,0,0,0,0,0,0,0,0,0,0
SRR6752175,381,0,115,369,26,105,70,190,12,16,29,30,4,26,9,0,0,38,20
SRR6752168,47,0,0,20,319,253,0,33,0,0,0,29,21,15,0,0,0,0,30
SRR6752169,457,114,779,451,0,0,68,0,80,130,0,0,2,0,0,13,0,0,41
SRR6752390,700,0,233,69,0,0,0,14,0,0,0,0,0,0,0,0,0,0,0
SRR6752167,476,43,55,132,32,13,0,37,0,0,14,4,7,39,0,26,4,50,0
SRR6752391,1715,384,132,204,0,18,106,0,56,10,0,79,0,18,0,0,0,0,106
SRR6752173,318,14,273,278,0,30,25,0,15,80,0,15,7,5,0,5,0,0,0
SRR6752170,829,0,218,184,0,69,0,0,0,0,0,9,0,5,0,0,0,0,15
SRR6752171,615,0,56,20,28,5,0,0,2,0,0,0,0,0,0,0,0,8,3
SRR6752264,228,0,15,163,68,12,0,13,19,6,0,12,21,4,37,26,0,0,0
SRR6752263,675,434,13,462,0,119,0,0,53,0,0,0,0,0,0,0,0,0,0
SRR6752363,4405,0,0,20,0,0,0,0,0,0,0,0,0,0,0,0,0,0,0
SRR6752361,0,0,0,76,98,21,0,17,0,0,0,0,13,0,0,0,0,0,0
SRR6752686,72,322,0,123,41,335,86,50,0,11,0,4,25,27,111,0,0,4,10
SRR6752650,619,7,162,0,0,0,0,0,0,0,0,0,0,0,0,0,0,0,0
SRR6752376,553,854,138,127,131,0,30,17,13,15,57,0,0,4,20,0,0,173,9
SRR6752373,819,0,98,234,12,156,29,124,0,13,12,0,10,0,0,0,0,8,0
SRR6752114,333,0,1183,457,27,383,0,0,0,23,0,7,0,8,0,0,0,0,0
SRR6752364,204,0,449,47,0,0,0,284,22,29,64,15,0,5,0,0,0,0,2
SRR6752453,477,669,128,826,17,59,0,8,17,45,0,0,31,0,0,0,0,0,0
SRR6752454,296,394,422,405,36,14,32,0,64,41,0,45,10,28,0,36,0,0,0
SRR6752174,700,0,21,17,0,22,0,0,0,0,0,34,0,10,0,52,0,0,37
SRR6752176,680,0,114,232,33,20,0,6,11,21,9,0,41,0,0,21,0,0,10
SRR6752178,309,1160,7,0,187,535,48,35,20,0,46,2,3,6,0,8,0,0,0
SRR6752180,86,0,142,159,0,69,0,7,0,21,30,0,9,0,0,0,0,0,0
SRR6752540,378,40,6,278,123,0,123,0,68,0,0,13,11,50,0,50,0,0,27
SRR6752456,213,369,298,18,15,13,15,73,62,0,107,0,0,0,15,11,0,0,3
SRR6752457,1104,0,316,158,0,0,14,0,0,0,0,6,0,0,0,0,0,0,21
SRR6752172,590,0,53,10,0,0,0,0,0,0,0,0,0,0,0,0,2315,0,0
SRR6752463,261,31,0,0,89,0,0,341,0,0,0,0,0,91,0,21,0,0,0
SRR6752464,458,0,371,495,0,0,0,34,0,8,0,33,0,7,0,0,0,0,0
SRR6752469,361,541,15,239,46,19,41,27,140,0,0,4,14,40,0,0,0,0,0
SRR6752470,770,0,654,398,0,86,0,21,13,24,0,23,12,10,0,0,0,0,0
SRR6752471,177,528,31,290,107,17,0,32,41,0,0,11,57,47,4,85,0,0,3
SRR6752472,390,10,229,245,0,0,0,7,93,0,0,9,0,0,0,8,0,0,0
SRR6752465,269,1605,0,99,0,0,114,0,23,0,0,0,0,0,0,0,0,0,0
SRR6752466,82,72,0,74,133,542,58,20,0,0,46,5,34,16,222,15,0,0,0
SRR6752467,1042,121,211,467,0,0,0,0,30,0,0,0,0,0,0,0,0,0,0
SRR6752468,121,96,0,72,13,0,43,26,114,0,0,0,2,0,0,0,0,0,0
SRR6752274,270,0,0,82,136,0,0,11,6,5,0,0,12,31,0,0,0,0,0
SRR6752273,543,103,7,104,0,0,6,0,11,6,0,0,7,0,0,0,0,0,0
SRR6752278,1668,0,108,0,0,0,0,0,0,0,0,0,2,0,0,0,0,0,0
SRR6752277,1048,30,70,560,0,6,71,0,22,4,0,30,0,0,0,18,0,0,19
SRR6752276,331,288,0,88,89,31,50,4,36,9,8,0,0,11,0,29,0,0,0
SRR6752275,491,0,144,63,10,0,44,5,149,0,0,0,4,28,6,15,0,0,0
SRR6752282,405,55,3073,51,11,3,76,0,53,0,0,0,0,0,2,0,0,0,0
SRR6752281,87,183,119,611,8,22,0,8,57,88,37,7,0,0,62,0,0,0,5
SRR6752280,412,347,987,43,0,27,0,32,0,0,0,0,0,0,8,5,0,0,0
SRR6752279,283,5,0,441,0,0,198,0,22,0,0,20,40,0,0,0,0,0,8
SRR6752119,229,61,17,419,0,0,34,0,4,0,0,0,0,0,0,0,0,0,0
SRR6752444,433,14,0,70,0,0,9,0,0,0,0,0,0,0,8,0,0,0,0
SRR6752441,82,37,21,37,19,290,9,3,8,0,0,0,0,8,0,0,0,0,0
SRR6752442,713,0,43,106,20,10,22,0,0,0,0,90,0,0,0,0,0,0,0
SRR6752439,158,243,129,625,0,67,73,8,55,0,0,23,5,55,0,27,0,0,10
SRR6752440,613,6,0,25,20,0,0,0,0,3,0,5,0,2,0,11,0,0,8
SRR6752437,498,55,169,266,19,0,107,5,70,28,16,0,25,12,0,7,0,3,4
SRR6752438,1363,41,707,29,0,0,0,0,0,0,0,9,0,0,0,0,0,0,0
SRR6752112,165,14,73,189,0,92,107,33,78,7,0,30,16,25,0,0,0,0,15
SRR6752113,126,375,0,175,32,87,71,19,22,0,11,0,38,0,530,25,0,11,3
SRR6752256,699,148,91,34,14,0,0,101,0,48,0,0,0,44,0,21,0,0,0
SRR6752255,623,11,101,279,0,17,0,0,15,17,0,7,17,0,0,0,0,0,23
SRR6752714,332,195,250,322,0,29,110,27,56,159,0,5,0,0,0,0,0,0,0
SRR6752249,58,436,25,317,0,31,53,0,182,6,5,10,14,21,0,31,0,0,84
SRR6752252,246,0,1170,180,26,67,41,61,18,39,0,25,14,9,0,6,0,22,129
SRR6752251,1072,0,324,22,0,0,0,0,0,0,0,4,0,0,0,0,0,0,10
SRR6752246,751,26,95,1307,18,36,65,60,46,0,98,0,20,2,0,0,0,0,0
SRR6752245,94,233,0,72,109,94,0,19,0,0,200,0,0,0,0,6,0,0,0
SRR6752248,135,0,0,88,344,169,0,36,6,0,396,0,221,0,17,0,0,0,0
SRR6752247,405,84,40,195,57,1235,0,5,0,6,32,5,0,35,0,0,0,0,5
SRR6752743,110,508,338,154,53,0,0,20,167,47,57,0,4,0,0,0,0,0,6
SRR6752348,452,0,754,356,34,0,0,0,18,15,0,11,8,0,0,5,0,0,0
SRR6752729,147,15,292,240,12,0,0,0,35,136,6,14,0,0,0,0,0,47,10
SRR6752730,137,272,321,241,77,25,55,43,15,17,0,4,79,10,0,0,0,29,8
SRR6752731,220,269,12,53,466,68,119,129,0,0,257,0,20,0,0,23,0,0,0
SRR6752732,864,0,244,246,22,37,0,0,45,0,0,35,75,46,0,136,0,0,0
SRR6752733,179,0,37,120,0,0,50,4,0,0,0,40,17,46,9,53,0,0,0
SRR6752734,1145,0,887,396,0,0,0,0,16,0,0,0,0,0,0,0,0,0,0
SRR6752542,104,135,30,254,0,242,0,0,51,14,0,10,63,7,7,0,0,4,37
SRR6752544,229,1379,0,584,95,0,156,0,82,0,0,3,19,7,0,0,0,0,23
SRR6752561,327,0,150,117,193,0,0,61,0,0,0,47,36,14,0,19,0,0,0
SRR6752560,216,258,557,525,0,0,107,0,109,64,0,7,27,0,0,0,0,0,0
SRR6752571,322,0,342,273,0,0,0,19,26,0,0,0,0,17,0,19,0,0,0
SRR6752570,735,0,0,167,0,0,49,0,0,0,0,0,7,0,0,0,0,0,0
SRR6752569,79,25,0,36,0,8,0,0,0,0,0,0,0,7,0,6,0,0,2
SRR6752568,700,55,0,112,186,0,0,0,0,0,0,0,0,0,0,0,0,0,0
SRR6752567,622,0,53,102,0,38,0,287,69,20,0,30,20,24,0,0,0,0,17
SRR6752566,126,0,49,286,0,87,0,81,28,0,60,0,0,3,0,0,0,0,10
SRR6752565,114,0,81,56,0,46,65,38,23,0,0,16,16,50,0,0,0,0,0
SRR6752564,400,604,0,291,50,0,0,0,0,32,0,5,25,6,0,22,0,0,6
SRR6752349,73,0,49,94,0,37,0,0,0,10,0,11,22,9,114,0,0,0,0
SRR6752350,1143,0,2,461,0,35,0,0,0,0,8,19,0,9,0,0,0,0,8
SRR6752355,67,142,60,168,0,75,0,55,22,12,0,20,77,15,0,16,0,0,0
SRR6752356,149,0,321,155,0,16,0,0,0,214,0,0,7,0,0,0,0,0,0
SRR6752353,180,34,171,108,0,0,59,166,0,8,0,7,0,72,0,0,0,0,0
SRR6752354,346,247,166,295,0,10,0,0,45,11,0,8,0,0,0,16,0,0,0
SRR6752359,2729,0,5,30,0,0,0,0,0,0,0,0,0,0,0,0,0,0,0
SRR6752360,131,366,0,260,163,170,82,16,80,3,75,0,101,156,0,51,0,35,15
SRR6752357,308,116,91,436,50,28,55,15,24,0,0,23,11,10,0,8,0,0,31
SRR6752358,268,0,78,1119,0,0,228,68,38,0,0,0,10,67,727,0,0,0,0
SRR6752183,0,61,28,189,41,23,0,0,55,0,0,0,21,0,0,37,0,6,0
SRR6752182,570,125,34,174,144,0,100,0,0,6,0,0,0,0,0,0,0,0,0
SRR6752185,430,834,0,160,0,0,63,0,24,0,0,26,23,65,0,0,0,0,0
SRR6752184,991,0,666,0,0,7,0,0,0,0,0,90,0,10,0,0,0,0,0
SRR6752187,1395,0,9,42,0,0,0,15,7,0,0,0,4,0,0,0,0,0,0
SRR6752186,1406,43,149,237,21,0,0,0,0,0,0,0,0,0,0,0,0,0,0
SRR6752189,69,212,0,31,511,37,0,19,0,0,935,9,0,26,0,18,0,0,6
SRR6752188,217,197,166,268,157,85,44,81,17,10,83,7,8,11,0,0,0,0,7
SRR6752191,462,0,268,141,0,50,0,778,37,62,0,6,0,0,0,0,0,0,0
SRR6752190,263,1289,0,221,163,26,21,12,83,0,182,0,29,53,0,35,0,10,23
SRR6752618,387,0,0,159,0,10,0,0,0,0,0,0,0,0,0,5,0,0,0
SRR6752619,309,0,223,115,40,88,0,29,35,7,0,10,44,11,204,19,0,0,0
SRR6752614,113,35,210,0,0,50,0,29,18,11,0,9,0,0,0,6,0,0,0
SRR6752615,121,138,18,0,369,958,0,0,0,0,120,3,17,0,0,25,0,0,0
SRR6752616,3139,0,161,126,0,0,0,0,0,0,0,0,0,0,0,0,0,0,0
SRR6752617,368,19,176,179,76,40,0,62,0,24,76,43,14,0,0,56,0,0,0
SRR6752610,372,286,32,167,107,58,58,35,29,0,19,60,9,10,0,0,0,0,0
SRR6752611,695,0,490,0,0,131,0,77,0,0,0,14,19,0,0,8,0,0,0
SRR6752612,227,0,146,118,130,837,0,78,9,83,50,0,8,0,0,9,0,0,0
SRR6752613,360,0,0,113,0,17,0,0,0,0,0,0,38,3,0,0,0,0,0
SRR6752422,51,0,109,168,70,25,0,0,0,10,36,146,58,15,0,29,0,0,103
SRR6752421,938,264,56,82,0,0,0,0,0,36,38,0,19,39,0,0,0,0,0
SRR6752416,1215,45,44,0,0,0,0,0,0,0,0,0,8,67,0,91,0,0,0
SRR6752415,91,99,27,26,48,158,0,29,4,0,217,6,13,12,0,12,0,0,16
SRR6752414,801,45,379,153,80,0,0,0,0,20,172,52,29,16,0,0,0,0,0
SRR6752413,2003,0,2173,0,0,39,0,0,0,12,0,0,0,0,0,0,0,0,0
SRR6752420,548,0,135,680,0,0,0,0,0,30,0,5,7,0,0,0,0,71,0
SRR6752419,149,946,225,483,0,14,146,0,241,30,0,6,0,0,0,0,0,0,0
SRR6752418,515,0,732,240,164,0,0,0,7,0,0,0,2,0,0,0,0,0,0
SRR6752417,268,398,117,621,47,0,0,0,18,0,18,0,11,0,0,0,0,0,17
SRR6752555,974,0,1442,80,0,22,0,0,0,0,0,0,0,0,0,0,0,0,0
SRR6752554,1134,0,376,0,75,0,0,0,0,41,0,30,0,0,0,0,0,0,12
SRR6752546,227,0,1007,120,0,79,0,0,54,304,0,0,7,35,0,70,0,0,0
SRR6752545,157,0,106,192,118,12,0,219,0,0,254,13,0,0,0,0,0,50,0
SRR6752548,618,0,278,191,27,17,0,14,0,27,0,4,25,0,0,8,0,0,3
SRR6752547,90,0,24,107,162,193,0,214,26,15,0,0,18,8,0,0,0,0,0
SRR6752550,336,0,111,725,0,11,0,0,21,12,0,0,20,0,0,0,0,2,6
SRR6752549,90,414,199,231,0,20,178,0,0,0,0,9,26,22,0,0,0,0,0
SRR6752552,279,0,0,109,35,0,63,0,7,0,0,5,11,0,0,0,0,0,0
SRR6752551,68,0,12,0,461,30,0,32,0,0,0,0,0,38,0,43,0,0,0
SRR6752727,700,0,246,185,130,0,0,7,0,0,0,0,27,0,0,0,0,0,0
SRR6752728,1382,0,1120,464,0,7,0,0,0,14,0,13,0,0,0,9,0,0,7
SRR6752721,57,227,0,70,41,150,102,87,16,76,46,7,0,76,0,25,0,0,0
SRR6752722,539,57,163,679,0,45,0,16,77,0,0,21,30,49,0,0,0,0,0
SRR6752719,66,1871,42,150,159,70,162,0,19,0,0,13,14,144,0,124,0,0,0
SRR6752720,1454,23,148,116,0,83,0,18,0,0,0,0,17,0,0,0,0,0,0
SRR6752725,611,181,120,190,0,0,0,0,0,0,0,4,29,0,0,0,0,0,0
SRR6752726,176,0,21,182,0,20,0,0,25,4,0,0,0,0,0,0,0,0,0
SRR6752723,209,19,0,67,104,24,0,14,0,0,0,0,3,0,0,0,0,0,0
SRR6752724,1061,0,218,241,0,9,0,110,0,0,0,0,0,0,0,15,0,0,0
SRR6752436,2134,0,11,49,0,0,0,0,0,0,0,0,0,0,0,0,0,0,0
SRR6752435,118,240,0,233,42,27,0,15,185,14,0,8,26,17,0,13,0,0,0
SRR6752450,371,180,80,291,401,98,0,30,10,83,0,23,34,0,71,23,0,0,10
SRR6752449,533,50,98,125,48,15,20,26,13,47,0,0,0,0,0,0,0,0,2
SRR6752448,507,0,177,437,0,0,151,0,0,8,0,26,0,0,0,2,0,0,6
SRR6752447,0,147,103,172,63,65,0,24,21,3,0,0,41,8,0,0,0,0,0
SRR6752446,367,0,529,441,28,29,0,25,28,58,44,25,0,0,0,0,0,0,20
SRR6752445,0,0,0,0,0,0,0,0,0,0,0,0,0,0,0,0,0,0,0
SRR6752125,252,0,434,75,35,51,0,84,0,12,46,120,0,38,30,0,0,0,20
SRR6752443,203,0,32,80,219,88,0,14,2,0,0,96,4,15,0,12,0,0,34
SRR6752637,453,0,0,262,50,224,157,22,88,0,0,46,11,49,0,31,0,0,11
SRR6752638,438,67,427,108,23,60,0,61,17,77,0,10,0,8,0,32,0,0,0
SRR6752623,274,0,0,262,0,0,213,0,17,0,0,0,0,5,0,0,0,0,0
SRR6752624,494,0,41,207,73,4,89,48,64,0,0,50,7,18,0,0,0,0,0
SRR6752625,364,304,107,42,0,0,0,0,0,0,0,60,4,0,0,0,0,0,0
SRR6752626,0,0,0,47,129,127,0,130,8,0,96,2,63,67,0,18,0,0,0
SRR6752627,1201,0,196,559,0,125,118,0,18,0,0,0,0,0,0,0,0,0,0
SRR6752628,185,0,46,0,83,91,0,16,0,0,17,0,0,0,0,0,0,0,0
SRR6752629,655,0,0,0,0,1711,0,0,0,0,0,0,0,0,0,0,0,0,0
SRR6752161,918,0,461,294,0,2,0,0,0,0,0,25,0,0,0,23,0,0,0
SRR6752160,144,252,79,335,0,145,110,0,13,12,14,39,12,0,0,0,0,0,9
SRR6752155,680,31,493,194,0,0,0,0,0,57,0,0,0,0,7,0,0,0,0
SRR6752154,152,376,0,238,38,0,125,0,22,0,0,12,13,0,92,0,0,40,0
SRR6752157,1851,0,57,92,0,0,0,0,0,0,0,8,36,0,0,0,0,0,14
SRR6752156,319,0,198,114,0,0,0,0,0,0,0,4,0,0,0,0,0,0,0
SRR6752150,65,8,72,52,13,19,0,42,22,0,0,0,3,16,7,6,0,4,16
SRR6752153,220,50,0,13,0,800,0,33,13,0,13,0,4,0,0,0,0,0,0
SRR6752152,43,77,0,35,0,27,20,24,13,0,0,6,45,27,0,25,0,0,7
SRR6752330,1582,64,0,414,0,29,54,0,11,24,0,5,0,5,0,8,0,0,0
SRR6752331,668,293,143,33,0,0,67,0,10,0,0,0,0,0,7,0,0,0,0
SRR6752328,643,5,72,496,0,18,635,0,0,0,0,0,0,5,0,0,0,0,0
SRR6752329,305,0,0,28,13,54,0,22,0,11,32,445,10,0,0,12,0,0,0
SRR6752311,450,0,58,178,0,52,0,8,0,21,0,83,10,0,0,7,0,359,15
SRR6752310,90,3,69,91,0,23,0,37,25,5,0,2,0,12,0,0,0,6,11
SRR6752305,117,0,39,158,28,26,0,18,0,0,0,0,11,13,0,0,0,0,0
SRR6752304,375,0,241,132,0,58,0,29,0,0,0,0,17,8,0,0,0,0,0
SRR6752303,488,31,128,670,0,0,32,3,0,0,0,0,13,0,36,0,0,2,0
SRR6752302,249,25,496,110,0,4,0,0,0,39,0,0,0,0,0,0,0,0,0
SRR6752309,853,0,1902,697,0,0,0,0,0,0,0,0,0,0,0,0,0,10,12
SRR6752308,50,30,44,46,0,21,0,23,15,4,0,0,3,6,20,0,0,4,12
SRR6752307,598,0,30,293,0,25,0,5,17,0,0,0,0,0,12,0,0,0,0
SRR6752306,96,52,48,62,0,4,35,35,20,0,0,0,12,0,41,6,0,0,11
SRR6752511,481,53,13,14,159,0,0,271,0,0,0,0,7,0,0,0,0,0,0
SRR6752502,289,0,35,154,0,23,0,0,0,0,0,0,0,0,0,0,0,0,0
SRR6752740,72,49,104,71,13,25,0,48,22,3,0,5,7,8,21,0,0,0,21
SRR6752301,179,0,102,195,0,60,33,28,11,19,0,0,23,0,4,0,0,8,0
SRR6752250,743,0,40,30,0,0,0,0,0,0,0,13,31,0,0,3,0,0,33
SRR6752137,70,0,34,55,0,3,22,44,13,0,0,0,6,0,19,0,0,0,0
SRR6752146,225,98,113,265,468,27,48,46,43,43,246,48,45,26,0,16,0,0,34
SRR6752253,69,0,0,30,144,52,0,0,19,0,127,10,0,0,0,5,0,33,5
SRR6752254,272,43,7,236,67,91,0,36,0,8,0,41,8,0,0,0,0,0,17
SRR6752259,2302,0,0,369,0,0,0,0,19,0,0,0,0,0,0,0,0,0,0
SRR6752260,305,0,22,25,0,62,0,18,12,0,24,13,13,0,30,0,0,0,12
SRR6752257,1088,42,508,137,0,0,2,8,0,16,47,7,0,0,0,0,0,0,0
SRR6752258,488,0,181,480,79,0,22,23,0,17,15,0,8,0,0,0,0,50,96
SRR6752582,2284,8,134,310,0,0,0,0,0,0,0,0,0,0,0,0,0,0,0
SRR6752583,777,715,0,118,0,22,38,0,6,31,0,61,14,9,25,0,0,8,4
SRR6752588,496,11,38,249,0,16,57,0,6,0,0,0,3,11,0,0,0,0,0
SRR6752589,16,379,10,483,63,0,78,0,0,0,27,0,52,12,6,16,0,0,11
SRR6752586,460,0,0,30,0,0,0,0,0,0,0,0,0,0,0,12,0,0,0
SRR6752587,553,54,179,483,0,3,212,0,0,0,0,4,0,0,0,0,0,0,0
SRR6752592,177,0,6,0,0,0,0,0,0,0,0,0,0,0,0,0,0,0,0
SRR6752593,63,73,0,40,0,0,0,14,0,0,0,0,0,3,2,0,0,21,0
SRR6752590,61,12,24,46,0,16,0,23,10,0,0,0,0,15,27,4,0,0,21
SRR6752591,391,16,0,98,0,46,28,12,15,6,0,0,0,0,115,14,0,7,0
SRR6752086,170,0,423,161,0,0,23,0,0,0,0,79,0,0,0,13,0,0,14
SRR6752087,1480,0,281,322,0,0,0,0,0,0,0,20,0,0,0,0,0,51,24
SRR6752088,2476,10,95,105,0,0,0,0,0,13,0,0,0,0,0,13,0,0,0
SRR6752089,0,0,0,0,0,0,0,0,0,0,0,0,0,0,0,0,0,0,0
SRR6752090,0,127,266,53,0,27,0,14,27,0,0,0,0,0,82,0,0,0,0
SRR6752091,231,253,0,240,176,26,0,87,0,10,45,8,45,0,0,0,0,0,0
SRR6752092,810,0,983,314,77,0,0,0,0,19,37,6,0,0,0,15,0,45,0
SRR6752093,452,658,0,141,66,0,71,12,3,0,20,10,5,0,10,0,0,0,0
SRR6752580,52,5,0,38,139,117,47,104,10,6,0,14,23,11,12,29,0,18,0
SRR6752572,489,54,13,14,160,0,0,272,0,0,0,0,7,0,0,0,0,0,0
SRR6752451,993,118,143,105,0,0,38,0,0,0,60,0,0,26,0,0,0,0,0
SRR6752452,1492,0,29,23,0,0,0,0,0,0,8,0,0,3,0,7,0,0,0
SRR6752461,217,0,0,0,0,0,0,0,0,0,0,0,0,0,0,0,0,0,0
SRR6752462,523,0,158,182,0,0,32,3,12,9,0,3,0,0,0,0,0,0,2
SRR6752459,728,105,108,216,50,0,0,16,10,4,0,24,0,0,0,0,0,0,19
SRR6752460,38,0,0,21,72,153,43,30,0,0,0,0,67,0,61,11,0,8,0
SRR6752166,319,106,0,126,73,141,86,32,0,0,0,0,32,9,0,0,0,5,0
SRR6752458,230,0,315,165,0,0,0,0,0,0,0,0,21,7,0,0,0,0,0
SRR6752455,185,0,0,16,0,7,0,0,0,0,0,10,0,0,0,0,0,0,0
SRR6752207,504,3,0,84,0,26,0,0,0,0,0,0,0,0,0,0,0,0,0
SRR6752262,230,8,190,620,32,22,383,66,44,16,0,10,6,0,0,0,0,0,32
SRR6752261,2204,0,0,0,0,0,0,0,0,0,0,0,0,0,0,0,0,0,0
SRR6752270,512,191,0,162,0,0,203,0,23,14,0,16,0,5,0,13,0,0,33
SRR6752269,729,0,0,0,0,25,0,0,0,0,0,13,0,12,0,0,0,0,53
SRR6752272,1566,0,670,1213,0,0,0,0,0,6,0,5,0,0,0,0,0,0,0
SRR6752271,150,0,0,17,0,78,0,14,6,0,0,22,0,8,23,0,0,0,0
SRR6752266,126,12,28,149,72,0,8,0,0,0,0,0,32,13,2,23,0,5,0
SRR6752265,629,1446,337,540,0,20,43,0,0,0,0,0,0,0,0,0,0,0,0
SRR6752268,548,239,21,273,0,12,90,0,0,0,0,0,0,0,18,0,0,0,0
SRR6752267,33,0,0,3,0,0,0,0,0,0,0,0,4,0,0,0,0,0,0
SRR6752667,39,8,14,44,0,0,0,43,3,0,0,0,9,0,21,0,0,0,8
SRR6752487,0,204,0,200,34,26,33,28,0,0,6,8,25,37,0,0,0,0,0
SRR6752486,771,710,0,118,0,22,38,0,6,31,0,61,14,9,25,0,0,8,4
SRR6752492,495,11,38,249,0,16,57,0,6,0,0,0,3,11,0,0,0,0,0
SRR6752491,16,377,10,480,63,0,77,0,0,0,27,0,52,12,6,16,0,0,11
SRR6752490,458,0,0,29,0,0,0,0,0,0,0,0,0,0,0,12,0,0,0
SRR6752489,551,54,177,483,0,3,212,0,0,0,0,4,0,0,0,0,0,0,0
SRR6752496,174,0,6,0,0,0,0,0,0,0,0,0,0,0,0,0,0,0,0
SRR6752495,246,352,0,336,65,0,85,18,28,18,0,10,9,0,12,0,0,0,21
SRR6752494,390,16,0,98,0,46,28,12,15,6,0,0,0,0,115,14,0,7,0
SRR6752493,18,39,0,68,0,84,206,14,47,0,0,4,0,46,42,0,0,0,5
SRR6752374,337,68,495,117,35,0,0,0,0,0,0,23,0,0,0,4,0,0,0
SRR6752367,109,228,243,38,139,15,0,122,0,33,270,18,7,58,0,0,0,0,0
SRR6752366,18,40,0,69,0,85,207,14,47,0,0,4,0,46,42,0,0,0,5
SRR6752372,1969,0,109,139,0,14,0,0,0,0,0,0,0,0,0,0,0,0,0
SRR6752370,216,0,0,41,30,691,0,35,0,5,14,3,8,14,42,0,0,0,0
SRR6752202,387,923,350,133,0,421,236,0,17,28,0,0,0,0,0,0,0,0,0
SRR6752201,410,6,585,198,57,0,0,0,0,0,0,11,3,2,0,4,0,0,22
SRR6752194,466,16,367,440,0,13,0,0,0,14,0,0,7,0,0,3,0,0,0
SRR6752193,0,24,0,78,2,134,0,0,0,0,0,0,0,11,0,0,0,223,28
SRR6752196,179,20,0,367,93,30,53,15,17,17,61,13,12,17,44,0,0,0,8
SRR6752195,353,278,54,168,0,27,0,6,0,0,0,0,0,8,11,6,0,0,0
SRR6752198,444,34,200,81,0,0,0,0,3,0,0,13,6,6,0,9,0,0,0
SRR6752200,3173,0,28,34,0,0,0,0,0,0,0,3,0,0,0,0,0,0,0
SRR6752199,636,35,0,146,0,2,0,0,0,0,0,2,8,0,0,0,0,0,0
SRR6752598,324,101,211,379,0,593,14,256,0,80,0,0,0,56,4,0,0,0,0
SRR6752599,289,0,35,156,0,23,0,0,0,0,0,0,0,0,0,0,0,0,0
SRR6752600,361,63,101,327,0,27,0,0,15,7,0,0,0,0,3,0,0,0,0
SRR6752603,839,0,283,285,0,58,0,23,15,69,0,0,9,0,0,0,0,0,0
SRR6752604,250,86,33,0,0,0,0,0,0,0,0,0,0,0,0,0,0,0,0
SRR6752605,0,0,0,42,0,7,88,7,39,0,0,17,10,27,0,0,0,0,28
SRR6752124,258,119,323,503,60,0,119,47,0,306,0,0,0,0,0,18,0,11,3
SRR6752123,2187,16,0,270,0,0,0,0,0,0,0,0,0,0,0,0,0,0,0
SRR6752122,184,8,28,426,79,40,157,60,19,0,0,0,2,25,0,17,0,0,0
SRR6752121,1791,123,156,186,0,4,268,0,0,7,0,0,0,0,0,0,0,0,3
SRR6752120,924,41,159,230,0,0,0,0,0,22,0,63,0,9,20,7,0,0,28
SRR6752647,1219,0,408,417,0,0,0,0,7,0,0,0,0,0,0,0,0,0,0
SRR6752118,1138,0,77,43,198,0,0,8,0,0,0,0,3,0,0,0,0,0,0
SRR6752117,543,43,166,652,0,17,0,0,0,0,0,83,0,7,0,0,0,0,33
SRR6752116,1065,0,0,7,0,0,0,0,0,0,0,0,134,3,0,0,0,0,5
SRR6752115,1012,0,686,120,256,0,0,0,0,0,0,0,115,0,0,0,0,0,0
SRR6752224,937,2,584,569,0,0,0,0,0,31,0,68,12,0,9,0,0,0,7
SRR6752232,251,0,665,530,0,0,27,40,0,0,0,0,13,0,161,0,0,0,0
SRR6752233,160,0,46,243,57,30,82,0,22,0,0,26,54,14,0,0,0,0,0
SRR6752230,890,0,48,514,0,0,36,0,24,10,0,0,0,6,0,0,0,39,7
SRR6752231,1157,103,0,42,30,0,169,61,0,0,0,0,0,48,7,0,0,0,0
SRR6752228,1512,63,0,182,0,7,0,118,0,0,0,0,0,25,0,0,0,0,0
SRR6752229,1215,0,472,174,90,0,0,0,0,19,0,14,12,0,0,29,0,0,21
SRR6752226,709,0,22,65,0,0,0,0,23,60,0,5,0,13,0,39,0,7,0
SRR6752227,27,0,0,660,76,10,439,50,31,0,213,9,28,0,18,47,0,0,2
SRR6752404,211,131,261,445,0,14,220,0,54,45,0,17,33,0,0,0,0,0,0
SRR6752410,443,95,76,326,0,13,0,30,0,14,0,0,11,0,0,0,0,0,0
SRR6752409,1272,951,989,610,0,0,795,0,0,38,12,12,0,0,17,0,0,0,53
SRR6752412,264,65,45,31,405,0,0,101,0,35,0,0,0,21,29,0,0,0,0
SRR6752411,1137,0,38,147,70,0,0,26,0,0,0,0,7,0,0,0,0,0,0
SRR6752406,260,0,0,0,35,0,0,0,0,3,0,0,50,0,0,0,0,0,0
SRR6752405,847,0,489,65,41,20,0,0,55,245,30,28,7,0,0,0,0,0,5
SRR6752408,943,84,304,240,44,13,0,24,0,18,0,5,21,59,31,20,0,0,0
SRR6752407,656,368,735,194,0,37,0,0,0,0,0,0,0,0,0,0,0,0,0
SRR6752527,228,74,122,167,289,0,0,0,0,60,553,0,43,4,0,0,0,0,0
SRR6752528,174,0,0,220,114,101,79,26,12,0,0,20,31,0,145,9,0,0,0
SRR6752523,555,29,580,824,0,9,66,0,46,101,50,0,0,11,0,10,0,0,4
SRR6752524,970,19,510,350,0,0,0,18,0,0,0,0,8,0,0,0,0,0,0
SRR6752525,239,108,107,247,58,0,30,78,10,18,0,13,8,0,0,11,0,4,13
SRR6752526,641,1367,38,300,90,68,203,19,43,5,41,21,31,18,0,90,0,0,0
SRR6752519,247,228,0,11,260,63,20,31,20,0,0,0,0,0,0,14,0,0,0
SRR6752520,973,3,66,0,0,0,0,0,0,10,18,0,0,0,0,0,0,0,0
SRR6752521,1377,83,1035,414,0,0,0,0,0,219,0,0,0,0,0,0,0,0,0
SRR6752522,978,92,136,408,63,17,55,17,6,32,109,0,11,13,0,0,0,0,6
SRR6752700,92,51,38,107,39,58,0,79,23,0,0,13,11,0,0,15,0,0,0
SRR6752699,204,577,58,146,0,244,0,27,0,0,0,0,0,16,0,52,0,0,0
SRR6752704,552,0,0,119,0,0,0,0,0,0,0,57,0,78,0,0,0,0,109
SRR6752703,779,0,274,262,0,0,0,3,0,0,0,39,0,11,0,0,0,16,22
SRR6752702,765,202,266,646,180,11,0,0,0,0,86,98,0,0,19,0,0,35,25
SRR6752701,804,165,68,536,0,0,148,19,0,0,0,0,0,21,0,0,0,0,0
SRR6752708,266,0,0,13,0,0,0,0,0,0,0,48,0,0,0,0,0,0,16
SRR6752707,323,11,0,251,0,0,0,0,0,0,0,0,9,0,0,0,0,21,0
SRR6752706,22,0,0,0,54,48,0,54,8,0,0,13,4,0,0,0,0,0,0
SRR6752148,398,55,0,238,0,47,832,0,28,0,0,0,0,7,37,0,0,0,9
SRR6752149,290,33,0,175,0,87,27,0,0,0,0,0,0,0,0,0,0,0,0
SRR6752140,0,156,0,175,27,43,205,0,14,0,0,0,27,0,0,0,0,0,0
SRR6752141,0,29,0,387,0,34,107,34,29,17,58,4,0,22,40,0,0,27,36
SRR6752138,103,0,67,113,0,0,0,73,33,0,0,0,7,10,0,0,0,0,19
SRR6752139,371,0,434,221,0,21,42,26,33,205,0,0,0,16,0,0,0,6,17
SRR6752144,283,24,89,552,0,17,0,0,0,11,0,0,4,8,0,0,0,3,0
SRR6752145,696,52,63,84,0,0,67,0,7,0,0,5,13,8,105,0,0,0,0
SRR6752142,696,0,458,589,0,12,0,0,0,85,0,0,0,0,0,0,0,8,0
SRR6752143,2230,2813,106,847,75,46,867,0,36,7,0,0,26,0,0,48,0,99,16
SRR6752320,341,92,16,64,0,0,0,0,0,0,0,0,0,0,0,0,0,0,0
SRR6752313,563,0,135,515,0,0,0,0,0,37,37,7,9,0,0,12,0,110,28
SRR6752312,0,0,0,232,0,149,133,88,22,0,0,14,28,24,10,0,0,12,25
SRR6752315,464,0,14,161,0,0,56,0,18,0,0,0,0,0,37,0,0,0,0
SRR6752314,1219,906,530,60,0,21,96,0,8,29,0,0,0,11,18,20,0,0,0
SRR6752317,353,0,20,330,30,69,20,17,0,37,26,38,13,0,0,8,0,0,0
SRR6752316,1462,504,0,678,152,0,0,25,0,75,0,12,4,0,26,0,0,0,19
SRR6752319,775,409,0,245,0,16,162,0,26,86,0,0,0,5,10,0,0,0,0
SRR6752425,256,495,0,90,458,0,113,10,0,0,0,0,33,0,0,0,0,0,0
SRR6752426,671,0,34,17,26,0,0,19,0,0,0,0,9,0,0,0,0,0,0
SRR6752427,672,0,155,1475,0,55,107,3,12,0,0,0,0,0,0,9,0,0,0
SRR6752428,397,2,236,240,0,0,24,0,0,142,0,20,0,0,0,0,0,0,0
SRR6752429,870,0,68,173,0,25,21,16,0,0,0,2,7,9,0,0,0,0,0
SRR6752430,1770,106,460,1250,0,22,0,0,15,43,0,20,12,0,0,0,0,0,10
SRR6752431,810,329,111,515,30,0,0,30,0,29,95,0,0,0,3,0,0,0,0
SRR6752432,125,4,62,68,68,0,0,23,0,0,0,0,41,50,14,36,0,0,0
SRR6752433,503,30,133,549,106,0,0,29,41,0,0,29,14,0,0,36,0,0,0
SRR6752434,605,0,28,93,0,0,0,0,15,0,23,0,6,0,0,0,0,15,0
SRR6752101,0,19,0,211,0,16,12,12,53,0,0,0,0,0,12,0,0,0,0
SRR6752102,367,189,116,255,0,49,27,0,26,41,0,0,0,0,0,0,0,0,0
SRR6752672,320,0,687,351,9,8,64,0,5,390,16,0,0,0,0,0,0,0,10
SRR6752673,84,0,24,94,34,0,0,50,0,0,24,0,0,0,0,0,0,0,0
SRR6752663,476,8,47,430,0,55,247,13,23,0,7,7,8,0,0,0,0,0,0
SRR6752105,159,16,22,115,46,0,46,0,0,15,12,0,12,0,108,0,0,8,4
SRR6752110,667,53,0,247,0,0,0,0,30,0,0,0,0,0,0,0,0,0,0
SRR6752111,586,138,140,195,0,13,0,0,0,49,0,7,7,0,0,0,0,0,0
SRR6752108,136,61,0,55,0,0,74,0,0,0,0,0,5,0,0,0,0,0,0
SRR6752109,100,80,29,269,0,7,0,65,14,0,7,0,6,19,0,0,0,0,8
SRR7691487,194,0,58,31,0,143,0,0,8,0,0,42,0,0,105,0,0,0,15
SRR7691374,150,0,231,29,0,134,0,7,0,0,0,10,0,0,0,0,0,16,0
SRR7691453,51,0,25,15,0,111,0,0,0,0,0,4,0,0,104,0,0,21,15
SRR7691527,349,0,260,25,0,226,0,0,0,14,0,7,0,0,23,0,0,0,4
SRR7691401,270,0,171,46,0,57,0,0,0,0,0,12,0,0,24,0,0,0,11
SRR7691368,309,0,0,82,0,327,101,0,0,0,0,0,0,0,951,0,0,0,0
SRR7691305,201,0,421,0,0,190,0,0,0,0,0,0,0,0,0,0,17,0,0
SRR7691357,104,0,74,0,0,159,0,0,0,0,0,32,0,0,0,0,0,0,14
SRR7691383,154,0,127,0,0,66,0,0,0,4,0,21,0,0,0,7,0,64,34
SRR7691255,157,0,341,52,25,78,0,0,0,10,0,7,0,0,275,0,28,31,72
SRR7691403,143,2,36,22,40,114,0,0,0,0,0,24,5,6,84,0,0,60,7
SRR7691351,75,0,0,18,0,66,0,0,0,0,0,31,0,0,16,0,0,10,0
SRR7691382,127,0,64,40,0,122,0,0,25,0,0,0,0,0,54,0,15,0,0
SRR7691350,233,0,26,0,0,22,0,0,0,0,0,38,0,0,9,0,24,0,0
SRR7691273,139,1,58,94,0,229,0,63,0,0,0,56,0,0,42,0,17,0,10
SRR7691499,471,0,133,0,0,434,0,0,0,0,0,17,0,0,0,0,0,329,7
SRR7691372,128,0,0,24,0,217,0,0,0,0,0,14,9,4,0,0,33,15,7
SRR7691257,192,0,510,29,0,41,0,0,0,0,0,0,0,0,0,0,0,0,0
SRR7691377,111,0,0,0,25,246,0,8,9,0,0,7,8,0,381,0,0,0,0
SRR7691260,346,0,0,68,0,759,0,35,0,11,18,14,6,0,865,14,0,12,0
SRR7691298,138,13,33,50,0,93,0,25,0,0,0,0,0,6,177,0,12,17,0
SRR7691393,142,0,498,28,0,89,0,0,0,12,0,21,0,0,0,0,0,0,18
SRR7691434,174,0,113,50,0,97,0,0,0,0,0,0,0,0,14,0,0,0,0
SRR7691501,188,0,0,0,0,206,0,33,0,0,57,58,0,0,0,0,0,347,141
SRR7691268,751,0,174,104,0,227,48,0,0,0,0,9,0,9,45,0,0,0,27
SRR7691381,92,0,52,25,0,126,0,0,0,0,0,0,0,0,27,0,20,19,7
SRR7691327,43,0,0,0,0,225,0,0,0,0,0,0,0,0,111,0,0,20,7
SRR7691326,89,0,350,23,0,105,0,15,0,0,0,27,0,0,0,0,0,13,13
SRR7691433,213,14,301,82,0,48,50,0,0,11,0,0,0,0,0,0,0,0,7
SRR7691284,253,0,53,67,0,39,0,0,0,0,0,9,0,8,15,0,0,0,0
SRR7691400,50,0,0,20,0,246,23,13,0,0,0,15,0,0,142,0,0,0,10
SRR7691309,41,0,0,13,0,138,0,0,0,0,0,0,0,0,14,0,0,0,0
SRR7691423,593,0,352,118,0,500,92,0,16,0,0,0,0,0,481,0,0,25,10
SRR7691299,587,0,220,132,0,363,0,0,0,0,0,0,0,0,21,0,12,0,0
SRR7691418,152,6,50,13,0,120,0,0,0,0,0,9,5,0,55,0,0,0,7
SRR7691341,58,0,39,15,0,107,0,0,0,0,0,58,0,0,64,0,0,0,48
SRR7691415,120,0,42,32,0,108,0,0,3,0,0,0,0,0,0,0,0,0,0
SRR7691269,199,0,120,22,0,66,0,0,0,0,0,30,0,0,0,0,13,28,12
SRR7691301,139,2,25,18,33,90,0,9,0,0,0,80,0,6,66,0,14,67,52
SRR7691412,77,0,0,10,0,206,0,0,0,0,0,0,0,0,93,0,0,0,0
SRR7691394,143,0,104,0,0,53,0,0,0,0,0,8,0,0,0,0,0,0,0
SRR7691239,352,0,22,57,0,95,0,26,13,0,0,9,0,0,0,0,0,0,9
SRR7691378,124,0,36,19,0,98,0,0,0,0,0,21,0,10,22,0,27,8,15
SRR7691325,176,0,64,17,0,198,0,13,0,0,0,0,0,0,0,0,0,20,0
SRR7691354,254,0,0,63,0,64,0,0,9,0,0,0,0,0,110,0,22,137,8
SRR7691450,65,0,0,17,0,127,0,0,0,0,0,0,8,0,92,0,0,58,3
SRR7691262,267,0,482,73,0,667,0,0,17,0,0,24,11,0,97,0,0,0,5
SRR7691452,563,0,176,35,0,256,0,0,0,0,0,206,0,0,182,0,0,11,107
SRR7691458,177,0,342,74,0,166,0,0,0,0,0,14,0,0,280,0,0,58,56
SRR7691283,168,0,247,51,0,566,0,0,11,0,15,44,0,20,241,0,0,0,18
SRR7691517,150,0,15,0,0,46,0,0,0,0,0,18,0,0,0,0,0,86,27
SRR7691370,52,0,0,20,0,55,0,0,0,0,0,16,0,0,26,0,0,0,0
SRR7691440,251,0,277,18,0,68,0,0,0,0,0,0,0,0,14,0,0,10,0
SRR7691385,68,0,0,0,0,48,0,0,0,0,0,0,0,0,0,0,0,0,0
SRR7691461,510,0,55,0,0,89,0,0,0,0,0,0,0,0,12,0,31,0,5
SRR7691271,62,0,17,0,0,586,0,0,2,0,0,0,6,0,0,0,20,0,0
SRR7691491,131,0,41,12,0,38,0,0,0,0,31,8,7,0,59,6,0,0,4
SRR7691532,327,0,0,0,0,331,0,0,0,0,0,8,0,0,92,0,0,0,0
SRR7691249,156,0,172,21,33,180,0,0,0,12,34,8,0,0,127,0,0,18,0
SRR7691462,1484,0,159,65,0,341,32,0,0,0,0,214,0,48,15,0,0,0,0
SRR7691302,55,0,0,0,0,134,0,0,0,0,0,25,0,0,0,0,0,0,14
SRR7691315,96,0,32,0,35,149,19,0,0,0,72,0,0,11,72,0,0,0,0
SRR7691287,193,0,96,33,0,135,0,0,0,0,0,0,0,0,86,0,0,19,6
SRR7691332,62,0,0,12,0,32,0,0,0,0,0,6,0,0,44,0,11,0,3
SRR7691530,58,0,0,21,0,94,0,0,0,0,0,86,0,0,0,0,0,196,78
SRR7691329,257,0,0,81,0,21,0,0,0,0,0,0,0,0,7,0,0,0,12
SRR7691402,70,0,28,36,0,105,0,0,0,0,0,9,0,0,67,0,0,0,27
SRR7691277,176,0,48,8,0,52,0,0,0,8,0,19,0,0,0,0,0,0,19
SRR7691427,247,0,29,14,0,9,0,0,9,0,0,17,0,0,0,3,0,18,12
SRR7691304,87,0,55,31,0,57,0,0,0,0,0,4,0,0,21,0,0,0,0
SRR7691259,247,0,85,51,0,53,0,0,0,0,0,0,0,4,0,0,7,0,4
SRR7691280,106,0,0,22,0,143,0,0,0,0,0,0,0,0,121,0,21,0,4
SRR7691479,252,0,275,90,20,101,0,0,0,0,0,27,0,0,0,0,0,41,39
SRR7691288,85,2,28,0,0,74,0,0,0,0,0,13,10,0,43,0,0,0,10
SRR7691473,164,0,17,0,0,264,0,0,0,0,0,14,0,0,0,0,0,0,0
SRR7691373,194,0,177,38,0,58,0,0,0,0,0,7,0,0,0,0,0,5,0
SRR7691392,305,0,75,25,0,110,30,0,10,0,0,0,0,0,71,0,0,0,4
SRR7691290,48,0,307,24,0,29,0,0,0,0,0,22,0,0,0,0,0,0,0
SRR7691483,96,0,90,0,0,302,0,0,0,0,0,7,0,4,103,3,17,7,40
SRR7691524,249,0,0,28,0,143,0,0,0,0,0,0,0,0,0,0,0,0,0
SRR7691442,158,0,55,32,0,156,0,0,0,0,15,10,0,0,0,0,0,0,0
SRR7691396,266,0,73,34,0,91,0,0,0,0,0,37,13,0,28,0,0,0,8
SRR7691352,73,0,117,0,0,126,0,0,0,0,0,18,0,0,0,0,0,59,8
SRR7691514,207,0,121,23,0,93,0,0,0,0,0,0,0,0,47,0,0,0,0
SRR7691334,361,0,0,0,0,720,0,0,0,0,0,0,0,0,5,0,0,0,0
SRR7691430,1068,0,1503,65,0,32,27,0,0,0,0,112,0,0,13,0,23,0,0
SRR7691528,104,2,40,18,0,61,0,55,0,0,35,8,0,15,43,0,0,5,0
SRR7691484,61,0,0,13,0,163,0,16,10,0,0,5,0,0,150,0,10,0,11
SRR7691463,111,0,27,27,0,264,0,0,0,0,0,15,0,0,60,0,0,0,0
SRR7691504,153,0,26,0,0,79,0,0,0,0,0,34,0,0,0,0,0,0,20
SRR7691366,439,37,219,28,0,163,0,0,0,0,0,8,0,0,0,0,17,51,31
SRR7691388,174,0,232,0,0,135,0,0,0,0,0,0,0,46,28,0,0,0,5
SRR7691323,69,0,95,18,0,101,0,7,0,0,70,10,0,0,0,0,0,0,28
SRR7691510,128,0,142,0,24,124,0,0,0,0,0,16,0,8,0,12,15,0,8
SRR7691447,218,0,252,0,0,144,0,0,0,0,0,0,0,0,0,6,0,9,6
SRR7691312,170,9,233,0,30,214,0,0,0,0,0,17,7,0,134,0,0,0,0
SRR7691531,142,3,141,28,25,101,0,0,0,0,0,36,0,0,85,0,14,22,81
SRR7691498,194,0,150,30,0,90,0,25,0,0,0,18,5,3,60,0,0,29,24
SRR7691240,550,0,143,147,0,814,64,0,0,0,0,0,0,41,396,10,0,154,53
SRR7691310,267,0,352,33,0,30,34,0,0,0,0,17,0,0,18,0,0,13,8
SRR7691391,164,53,445,15,0,84,0,10,0,0,0,8,7,0,0,0,0,0,0
SRR7691349,138,0,392,26,0,62,0,0,0,0,0,15,0,0,18,0,29,0,0
SRR7691267,65,0,15,0,0,145,0,0,0,0,15,12,0,0,0,0,0,19,9
SRR7691493,122,0,83,0,0,142,0,0,0,0,0,0,0,0,15,0,0,0,0
SRR7691509,65,0,46,22,0,91,0,0,0,0,0,0,0,0,395,0,0,58,5
SRR7691419,85,0,167,0,0,105,0,0,0,0,0,83,0,8,60,9,0,0,22
SRR7691278,45,0,15,13,0,23,0,0,0,0,0,353,0,0,50,0,0,0,79
SRR7691529,126,23,223,20,0,70,0,0,0,0,0,15,0,0,0,0,25,25,0
SRR7691535,185,0,60,0,0,110,0,0,0,0,0,100,0,0,0,0,0,0,41
SRR7691513,64,0,83,35,0,94,0,0,0,6,0,0,0,0,105,0,0,0,19
SRR7691328,115,0,43,0,0,94,0,0,0,0,0,0,0,0,69,0,0,47,0
SRR7691248,117,0,46,0,0,1705,0,0,0,0,0,35,24,0,0,0,0,26,0
SRR7691359,67,0,0,12,0,116,0,0,0,0,0,125,0,0,0,0,0,0,4
SRR7691448,169,0,40,0,0,32,0,0,0,0,0,26,0,0,0,0,0,0,20
SRR7691291,60,0,0,17,0,146,0,0,0,0,0,0,0,0,285,0,21,28,15
SRR7691270,0,0,0,0,0,96,0,0,0,0,0,0,0,5,500,0,0,7,0
SRR7691380,289,8,191,111,0,814,53,216,0,0,0,0,14,0,165,0,0,40,19
SRR7691445,185,0,238,34,0,98,0,0,0,0,0,18,0,0,10,0,0,0,24
SRR7691343,70,0,43,18,0,312,0,0,0,5,0,0,0,0,23,0,0,36,0
SRR7691424,304,0,153,0,0,73,0,0,0,0,0,9,0,0,9,0,0,0,0
SRR7691466,126,3,105,0,0,321,0,0,0,0,0,0,0,0,102,2,15,0,0
SRR7691411,204,0,502,43,0,341,0,0,0,20,0,0,0,0,0,0,15,18,0
SRR7691475,56,0,0,19,0,78,0,0,0,0,0,11,0,0,0,0,14,54,21
SRR7691441,17,0,0,0,0,131,0,0,4,0,0,0,0,7,88,0,0,0,0
SRR7691337,137,0,210,28,0,122,0,0,0,5,0,0,0,0,44,0,0,0,0
SRR7691296,138,0,75,0,0,115,0,0,5,0,0,10,0,0,0,0,22,0,0
SRR7691320,240,0,276,50,0,24,55,0,0,0,0,8,0,0,7,0,0,0,0
SRR7691306,109,42,0,26,15,39,0,0,0,0,0,70,0,0,0,0,23,0,0
SRR7691417,72,0,49,0,0,64,0,0,0,0,0,14,17,0,0,0,0,0,7
SRR7691316,103,0,73,35,0,138,0,0,0,0,0,6,0,0,45,0,0,16,24
SRR7691406,80,34,39,31,0,72,0,0,0,0,0,0,0,0,0,0,0,32,31
SRR7691459,31,0,0,0,0,116,0,0,11,0,0,0,0,0,201,0,0,0,39
SRR7691307,266,40,0,35,0,56,0,0,0,0,0,9,0,0,256,0,0,0,0
SRR7691333,104,0,20,0,0,0,0,0,0,0,0,10,0,0,0,0,0,0,7
SRR7691362,251,0,129,61,0,134,0,0,0,0,0,32,0,33,169,19,0,0,33
SRR7691241,81,0,372,22,0,34,0,0,0,0,0,58,0,0,8,0,0,462,16
SRR7691369,155,0,51,41,0,198,0,0,0,0,0,7,0,0,28,0,0,0,0
SRR7691342,90,0,0,16,0,120,0,0,0,0,0,19,0,0,11,2,0,42,85
SRR7691364,106,0,0,11,0,48,0,0,0,0,0,20,0,0,0,2,0,0,6
SRR7691243,162,0,169,26,0,118,0,0,0,0,0,6,0,0,0,0,0,0,0
SRR7691519,202,0,0,0,0,532,0,0,0,0,0,18,0,7,0,0,0,0,4
SRR7691245,184,21,0,0,0,74,0,0,0,0,0,59,0,0,48,0,0,10,26
SRR7691439,94,0,0,0,25,13,0,0,0,0,0,26,0,0,18,0,0,0,0
SRR7691246,142,0,88,46,0,155,0,0,8,0,0,6,0,0,199,0,20,8,0
SRR7691518,291,0,20,0,0,43,0,0,0,0,0,0,0,7,0,0,23,0,8
SRR7691253,46,0,43,0,0,27,0,0,0,0,0,77,0,0,0,0,19,58,14
SRR7691476,690,0,151,0,0,33,0,0,0,0,0,21,0,0,0,0,8,0,0
SRR7691321,159,0,48,0,100,80,0,8,0,0,0,40,0,0,283,0,22,0,3
SRR7691480,59,0,20,0,0,115,0,11,0,0,0,0,0,0,91,0,0,0,0
SRR7691289,155,0,74,55,0,69,0,0,0,0,0,21,0,0,90,12,10,0,29
SRR7691471,23,0,0,0,0,68,0,0,0,0,0,0,0,0,13,0,0,0,0
SRR7691275,275,0,10,0,0,188,14,0,0,0,0,81,5,0,104,0,0,0,35
SRR7691361,210,0,25,16,0,334,0,0,0,0,0,31,0,8,28,0,0,40,9
SRR7691295,126,0,311,16,0,44,0,0,0,0,0,182,0,0,13,0,0,42,0
SRR7691467,354,0,0,30,0,95,0,0,0,0,0,8,0,6,43,16,0,0,0
SRR7691512,60,0,0,0,0,52,0,0,0,0,0,17,0,0,0,0,0,0,0
SRR7691375,118,0,0,27,39,69,0,0,0,5,0,34,0,0,304,0,0,71,62
